Year,Country,Happiness Score,Social Support,Healthy Life Expectancy,Freedom,Corruption,Generosity,Log GDP per Capita
2015,Afghanistan,3.575,0.30285,0.30335,0.23414,0.09719,0.3651,7.643629194
2016,Afghanistan,3.36,0.11037,0.17344,0.1643,0.07112,0.31268,7.591416646
2017,Afghanistan,3.79399991,0.581543326,0.180746779,0.10617952,0.06115783,0.311870933,7.629684368
2018,Afghanistan,3.632,0.537,0.255,0.085,0.036,0.191,7.641389509
2019,Afghanistan,3.203,0.517,0.361,0,0.025,0.158,7.674323208
2020,Afghanistan,2.566900015,0.470366955,52.59000015,0.396573007,0.933686554,-0.0964294,7.639473257
2021,Afghanistan,2.523,0.463,52.493,0.382,0.924,-0.102,7.695
2015,Albania,4.959,0.80434,0.81325,0.35733,0.06413,0.14272,9.363825589
2016,Albania,4.655,0.50163,0.73007,0.31866,0.05301,0.1684,9.3992107
2017,Albania,4.644000053,0.803685248,0.731159747,0.381498635,0.039864216,0.201312944,9.454929458
2018,Albania,4.586,0.817,0.79,0.419,0.032,0.149,9.509185773
2019,Albania,4.719,0.848,0.874,0.383,0.027,0.178,9.547739068
2020,Albania,4.882699966,0.671070457,68.70813751,0.781994224,0.896303713,-0.042309489,9.505965709
2021,Albania,5.117,0.697,68.999,0.785,0.901,-0.03,9.52
2015,Algeria,5.605,1.07772,0.61766,0.28579,0.17383,0.07822,9.393964458
2016,Algeria,6.355,0.83309,0.61804,0.21006,0.16157,0.07044,9.360856522
2017,Algeria,5.872000217,1.146217465,0.617584646,0.233335808,0.14609611,0.069436647,9.370535709
2018,Algeria,5.295,1.154,0.687,0.077,0.135,0.055,9.38512777
2019,Algeria,5.211,1.16,0.785,0.086,0.114,0.073,9.393432316
2020,Algeria,5.005099773,0.803385139,65.90517426,0.466610909,0.735485137,-0.121105164,9.33470047
2021,Algeria,4.887,0.802,66.005,0.48,0.752,-0.067,9.342
2015,Argentina,6.574,1.24823,0.78723,0.44974,0.08484,0.11451,9.908733717
2016,Argentina,6.65,1.06612,0.69711,0.42284,0.07296,0.10989,9.918763777
2017,Argentina,6.598999977,1.440451145,0.695137084,0.494519204,0.059739888,0.109457061,10.06887985
2018,Argentina,6.388,1.468,0.744,0.57,0.054,0.062,10.05592528
2019,Argentina,6.086,1.432,0.881,0.471,0.05,0.066,10.04321797
2020,Argentina,5.974699974,0.900567949,68.80380249,0.831132412,0.842009842,-0.194913864,9.941299891
2021,Argentina,5.929,0.898,69,0.828,0.834,-0.182,9.962
2015,Armenia,4.35,0.77711,0.7299,0.19847,0.039,0.07855,9.207302247
2016,Armenia,4.36,0.62477,0.64083,0.14037,0.03616,0.07793,9.278394247
2017,Armenia,4.375999928,1.007483721,0.637524426,0.198303267,0.026674422,0.083488092,9.402211131
2018,Armenia,4.321,0.99,0.666,0.26,0.028,0.077,9.474272355
2019,Armenia,4.559,1.055,0.815,0.283,0.064,0.095,9.563190624
2020,Armenia,4.676799774,0.757479429,66.75065613,0.712017834,0.773544788,-0.13877961,9.496429716
2021,Armenia,5.283,0.799,67.055,0.825,0.629,-0.168,9.487
2015,Australia,7.284,1.30923,0.93156,0.65124,0.35637,0.43562,10.74178683
2016,Australia,7.313,1.10476,0.8512,0.56837,0.32331,0.47407,10.76332024
2017,Australia,7.28399992,1.510041952,0.843886793,0.601607382,0.30118373,0.47769925,10.78722513
2018,Australia,7.272,1.573,0.91,0.647,0.302,0.361,10.82315632
2019,Australia,7.228,1.548,1.036,0.557,0.29,0.332,10.85414875
2020,Australia,7.222799778,0.944854617,73.60453796,0.915431738,0.41516912,0.19046016,10.88425071
2021,Australia,7.183,0.94,73.9,0.914,0.442,0.159,10.796
2015,Austria,7.2,1.29704,0.89042,0.62433,0.18676,0.33088,10.81709276
2016,Austria,7.119,1.08383,0.80565,0.54355,0.21348,0.32865,10.87206741
2017,Austria,7.006000042,1.459944963,0.815328419,0.56776619,0.221060365,0.316472322,10.89993766
2018,Austria,7.139,1.504,0.891,0.617,0.224,0.242,10.95010615
2019,Austria,7.246,1.475,1.016,0.532,0.226,0.244,10.96951378
2020,Austria,7.294199944,0.928045869,73.00250244,0.899989486,0.499954879,0.085429221,10.92744527
2021,Austria,7.268,0.934,73.3,0.908,0.481,0.042,10.906
2015,Azerbaijan,5.212,0.93793,0.64045,0.3703,0.16065,0.07799,9.611690434
2016,Azerbaijan,5.291,0.76042,0.54504,0.35327,0.17914,0.0564,9.572969148
2017,Azerbaijan,5.234000206,1.152400255,0.540775776,0.398155838,0.180987507,0.04526934,9.555447148
2018,Azerbaijan,5.201,1.161,0.603,0.43,0.176,0.031,9.585398699
2019,Azerbaijan,5.208,1.147,0.769,0.351,0.182,0.035,9.619318892
2020,Azerbaijan,5.164800167,0.819308281,65.50839996,0.786824107,0.55253756,-0.240255281,9.580503321
2021,Azerbaijan,5.171,0.836,65.656,0.814,0.506,-0.223,9.569
2015,Bahrain,5.96,1.21624,0.74716,0.45492,0.306,0.17362,10.72713179
2016,Bahrain,6.218,0.94397,0.65696,0.47375,0.25772,0.17147,10.70927056
2017,Bahrain,6.086999893,1.323110461,0.653133035,0.536746919,0.25704217,0.172668487,10.77289165
2018,Bahrain,6.105,1.366,0.698,0.594,0.123,0.243,10.76854945
2019,Bahrain,6.199,1.368,0.871,0.536,0.11,0.255,10.76274433
2020,Bahrain,6.227300167,0.876342118,68.5,0.905855775,0.7393471,0.13372919,10.68638073
2021,Bahrain,6.647,0.862,69.495,0.925,0.722,0.089,10.669
2015,Bangladesh,4.694,0.43106,0.60164,0.4082,0.12569,0.21222,8.176252459
2016,Bangladesh,4.643,0.24749,0.52989,0.39778,0.12583,0.19132,8.255557654
2017,Bangladesh,4.607999802,0.735131741,0.533241034,0.478356659,0.123717859,0.172255352,8.333439407
2018,Bangladesh,4.5,0.85,0.579,0.58,0.144,0.153,8.422328516
2019,Bangladesh,4.456,0.928,0.723,0.527,0.143,0.166,8.508104383
2020,Bangladesh,4.832799911,0.687292993,64.50306702,0.90062499,0.661843538,-0.033664726,8.544546303
2021,Bangladesh,5.025,0.693,64.8,0.877,0.682,-0.041,8.454
2015,Belarus,5.813,1.23289,0.73608,0.37938,0.1909,0.11046,9.803427696
2016,Belarus,5.802,1.04993,0.63104,0.29091,0.17457,0.13942,9.786163716
2017,Belarus,5.568999767,1.444945216,0.637714267,0.295400262,0.156313822,0.155137509,9.817717265
2018,Belarus,5.483,1.498,0.7,0.307,0.154,0.101,9.87458789
2019,Belarus,5.323,1.465,0.789,0.235,0.142,0.094,9.908202709
2020,Belarus,5.539899826,0.90674746,66.10433197,0.639163077,0.63571167,-0.164926544,9.915376687
2021,Belarus,5.534,0.91,66.253,0.65,0.627,-0.18,9.853
2015,Belgium,6.937,1.28566,0.89667,0.5845,0.2254,0.2225,10.74075465
2016,Belgium,6.929,1.05249,0.81959,0.51354,0.26248,0.2424,10.79132531
2017,Belgium,6.890999794,1.462312698,0.818091869,0.539770722,0.251343131,0.231503338,10.8285848
2018,Belgium,6.927,1.483,0.894,0.583,0.24,0.188,10.8691039
2019,Belgium,6.923,1.504,0.986,0.473,0.21,0.16,10.90171791
2020,Belgium,6.863500118,0.911632538,72.00164795,0.813582063,0.612297952,-0.078691199,10.87870662
2021,Belgium,6.834,0.906,72.199,0.783,0.646,-0.153,10.823
2015,Benin,3.34,0.35386,0.3191,0.4845,0.0801,0.1826,7.967913994
2016,Benin,3.484,0.10419,0.21028,0.39747,0.06681,0.2018,8.007968887
2017,Benin,3.657000065,0.435299844,0.209930211,0.425962776,0.060929015,0.207948461,8.021097598
2018,Benin,4.141,0.372,0.24,0.44,0.067,0.163,8.082300431
2019,Benin,4.883,0.437,0.397,0.349,0.082,0.175,8.139244896
2020,Benin,5.21600008,0.468671143,54.31246567,0.735182583,0.740532577,-0.003537213,8.162066863
2021,Benin,5.045,0.489,54.713,0.757,0.661,-0.034,8.087
2015,Bolivia,5.89,0.97841,0.5392,0.57414,0.088,0.20536,8.872609584
2016,Bolivia,5.822,0.83779,0.4697,0.50961,0.07746,0.21698,8.922627998
2017,Bolivia,5.822999954,1.227619052,0.47363025,0.558732927,0.060477726,0.225560725,9.038804151
2018,Bolivia,5.752,1.223,0.508,0.606,0.054,0.141,9.089679981
2019,Bolivia,5.779,1.209,0.706,0.511,0.064,0.137,9.115307636
2020,Bolivia,5.747499943,0.803108692,63.6004715,0.875873327,0.822606206,-0.09168113,9.021053594
2021,Bolivia,5.716,0.81,63.901,0.875,0.839,-0.077,9.046
2015,Bosnia and Herzegovina,4.949,0.91916,0.79081,0.09245,0.00227,0.24808,9.393558152
2016,Bosnia and Herzegovina,5.163,0.64367,0.70766,0.09511,0,0.29889,9.478241817
2017,Bosnia and Herzegovina,5.18200016,1.069335938,0.705186307,0.204403177,0,0.328867495,9.529073151
2018,Bosnia and Herzegovina,5.129,1.078,0.758,0.28,0,0.216,9.60923603
2019,Bosnia and Herzegovina,5.386,1.212,0.845,0.212,0.006,0.263,9.663209001
2020,Bosnia and Herzegovina,5.674099922,0.829204142,67.80813599,0.651352704,0.933769107,0.098274559,9.656505705
2021,Bosnia and Herzegovina,5.813,0.87,68.098,0.706,0.931,0.113,9.59
2015,Botswana,4.332,1.10464,0.04776,0.49495,0.12474,0.10461,9.591482625
2016,Botswana,3.974,0.89186,0.34752,0.44089,0.10769,0.12425,9.719475798
2017,Botswana,3.766000032,1.221554995,0.341755509,0.505196333,0.098583199,0.099348448,9.677090716
2018,Botswana,3.59,1.174,0.417,0.557,0.092,0.042,9.717874849
2019,Botswana,3.488,1.145,0.538,0.455,0.1,0.025,9.743275501
2020,Botswana,3.478899956,0.779121757,58.92445374,0.821328104,0.777930915,-0.250394493,9.64591317
2021,Botswana,3.467,0.784,59.269,0.824,0.801,-0.246,9.782
2015,Brazil,6.983,1.23287,0.69702,0.49049,0.17521,0.14574,9.598599206
2016,Brazil,6.952,1.03938,0.61415,0.40425,0.14166,0.15776,9.564944611
2017,Brazil,6.635000229,1.431306005,0.616552353,0.437453747,0.111092761,0.162349895,9.583599975
2018,Brazil,6.419,1.474,0.675,0.493,0.088,0.11,9.617167101
2019,Brazil,6.3,1.439,0.802,0.39,0.086,0.099,9.64135853
2020,Brazil,6.375599861,0.896723807,66.48016357,0.799804807,0.770601273,-0.101812392,9.604772502
2021,Brazil,6.33,0.882,66.601,0.804,0.756,-0.071,9.577
2015,Bulgaria,4.218,1.10614,0.76649,0.30587,0.00872,0.11921,9.819667123
2016,Bulgaria,4.217,0.92542,0.67806,0.21219,0.00615,0.12793,9.90719947
2017,Bulgaria,4.714000225,1.434379458,0.70821768,0.289231718,0.011051531,0.113177694,9.97440935
2018,Bulgaria,4.933,1.515,0.712,0.359,0.009,0.064,10.04281921
2019,Bulgaria,5.011,1.513,0.815,0.311,0.004,0.081,10.10739904
2020,Bulgaria,5.101500034,0.937840343,66.80397797,0.745178163,0.935585141,-0.143908441,10.11106397
2021,Bulgaria,5.266,0.931,67,0.788,0.932,-0.096,10.016
2015,Burkina Faso,3.587,0.85188,0.27125,0.39493,0.12832,0.21747,7.446305093
2016,Burkina Faso,3.739,0.63054,0.21297,0.3337,0.12533,0.24353,7.547129813
2017,Burkina Faso,4.032000065,1.043280005,0.215844259,0.324367851,0.120328106,0.250864685,7.622853262
2018,Burkina Faso,4.424,1.097,0.254,0.312,0.128,0.175,7.681865765
2019,Burkina Faso,4.587,1.056,0.38,0.255,0.113,0.177,7.726436109
2020,Burkina Faso,4.768700123,0.712943614,53.88945389,0.665563583,0.739795029,-0.019080516,7.729303076
2021,Burkina Faso,4.834,0.672,54.151,0.695,0.748,-0.009,7.678
2015,Burundi,2.905,0.41587,0.22396,0.1185,0.10062,0.19727,6.735359529
2016,Burundi,2.905,0.23442,0.15747,0.0432,0.09419,0.2029,6.680784517
2017,Burundi,2.904999971,0.629793584,0.151610792,0.059900753,0.084147945,0.204435185,6.651019859
2018,Burundi,2.905,0.627,0.145,0.065,0.076,0.149,6.659047961
2019,Burundi,3.775,0.447,0.38,0.22,0.18,0.176,6.663709775
2020,Burundi,3.775300026,0.490325719,53.40000153,0.626350224,0.606934547,-0.017551597,6.647900079
2021,Burundi,3.775,0.49,53.4,0.626,0.607,-0.024,6.635
2015,Cambodia,3.819,0.62736,0.61114,0.66246,0.07247,0.40359,8.128212753
2016,Cambodia,3.907,0.5375,0.42494,0.58852,0.08092,0.40339,8.20931892
2017,Cambodia,4.168000221,1.006238341,0.429783404,0.633375823,0.068105951,0.385922968,8.275980862
2018,Cambodia,4.433,1.088,0.457,0.696,0.065,0.256,8.35683736
2019,Cambodia,4.7,1.122,0.637,0.609,0.062,0.232,8.428231483
2020,Cambodia,4.848400116,0.773080647,61.52996826,0.959704638,0.822769046,0.051911179,8.394229899
2021,Cambodia,4.83,0.765,62,0.959,0.843,0.034,8.36
2015,Cameroon,4.252,0.88767,0.23402,0.49309,0.05786,0.20618,8.130244284
2016,Cameroon,4.513,0.62542,0.12698,0.42736,0.06126,0.2268,8.168249817
2017,Cameroon,4.695000172,0.946018219,0.132892117,0.430388749,0.051306631,0.236298457,8.20661577
2018,Cameroon,4.975,0.891,0.182,0.454,0.043,0.183,8.24301191
2019,Cameroon,5.044,0.91,0.331,0.381,0.037,0.187,8.2690246
2020,Cameroon,5.084899902,0.700386405,52.7049408,0.763051808,0.851336598,-0.00149645,8.260368557
2021,Cameroon,5.142,0.71,53.515,0.731,0.848,0.026,8.189
2015,Canada,7.427,1.32261,0.90563,0.63297,0.32957,0.45811,10.70705922
2016,Canada,7.404,1.0961,0.8276,0.5737,0.31329,0.44834,10.74661258
2017,Canada,7.315999985,1.481348991,0.834557652,0.611100912,0.287371516,0.435539722,10.78554074
2018,Canada,7.328,1.532,0.896,0.653,0.291,0.321,10.81963098
2019,Canada,7.278,1.505,1.039,0.584,0.308,0.285,10.80587206
2020,Canada,7.23210001,0.927176654,73.60160065,0.933913231,0.390843362,0.124770768,10.74959847
2021,Canada,7.103,0.926,73.8,0.915,0.415,0.089,10.776
2015,Chad,3.667,0.76062,0.1501,0.23501,0.05269,0.18386,7.506624697
2016,Chad,3.763,0.63178,0.03824,0.12807,0.04952,0.18667,7.417287618
2017,Chad,3.936000109,0.953855872,0.041134715,0.162342027,0.053581882,0.21611385,7.369621091
2018,Chad,4.301,0.907,0.053,0.189,0.06,0.181,7.38657511
2019,Chad,4.35,0.766,0.192,0.174,0.078,0.198,7.406363609
2020,Chad,4.422699928,0.632388055,48.22053909,0.587305248,0.802760839,0.017834719,7.379231838
2021,Chad,4.355,0.619,48.478,0.579,0.807,0.041,7.364
2015,Chile,6.67,1.12447,0.85857,0.44132,0.12869,0.33363,10.03005613
2016,Chile,6.705,0.90587,0.81883,0.37789,0.11451,0.31595,10.06209653
2017,Chile,6.65199995,1.284024954,0.819479704,0.376895279,0.082287982,0.326662421,10.10523191
2018,Chile,6.476,1.331,0.808,0.431,0.061,0.197,10.15479629
2019,Chile,6.444,1.369,0.92,0.357,0.056,0.187,10.14232718
2020,Chile,6.228499889,0.879713595,69.90061951,0.744896293,0.838239431,-0.065668367,10.13102781
2021,Chile,6.172,0.882,70,0.742,0.83,-0.044,10.071
2015,China,5.14,0.94675,0.81658,0.51697,0.02781,0.08185,9.464788951
2016,China,5.245,0.79381,0.73561,0.44012,0.02745,0.04959,9.509212892
2017,China,5.272999763,1.160837412,0.741415501,0.472787708,0.022794275,0.028806841,9.564058231
2018,China,5.246,1.142,0.799,0.597,0.103,0.029,9.648424965
2019,China,5.191,1.125,0.893,0.521,0.1,0.058,9.720366006
2020,China,5.123899937,0.798760593,69.2891922,0.898517907,0.7539711,-0.18142575,9.753290333
2021,China,5.339,0.811,69.593,0.904,0.755,-0.146,9.673
2015,Colombia,6.477,1.24018,0.69077,0.53466,0.0512,0.18401,9.492944367
2016,Colombia,6.481,1.02169,0.59659,0.44735,0.05399,0.15626,9.533300013
2017,Colombia,6.356999874,1.402182937,0.595027924,0.477487415,0.046668742,0.149014473,9.558975518
2018,Colombia,6.26,1.439,0.635,0.531,0.039,0.099,9.618738198
2019,Colombia,6.125,1.41,0.841,0.47,0.034,0.099,9.660691741
2020,Colombia,6.163400173,0.884440243,67.69958496,0.836179912,0.86457181,-0.161235645,9.611198005
2021,Colombia,6.012,0.847,68.001,0.837,0.841,-0.135,9.557
2015,Congo,4.517,1.0012,0.09806,0.22605,0.07625,0.24834,6.80843272
2016,Congo,4.272,0.80676,0.188,0.15602,0.06075,0.25458,6.870748157
2017,Congo,4.290999889,0.832044363,0.289957434,0.435025871,0.079618134,0.120852128,6.965845645
2018,Congo,4.559,0.811,0.343,0.514,0.077,0.091,7.01388471
2019,Congo,4.812,0.799,0.508,0.372,0.093,0.105,7.042619184
2020,Congo,5.194399834,0.640228093,57.92448044,0.719058514,0.751779079,-0.123674095,7.040378
2021,Congo,5.342,0.636,58.221,0.695,0.745,-0.068,8.117
2015,Costa Rica,7.226,1.23788,0.86027,0.63376,0.10583,0.25497,9.746295386
2016,Costa Rica,7.087,1.02152,0.76146,0.55225,0.10547,0.22553,9.85613409
2017,Costa Rica,7.078999996,1.416403651,0.759509265,0.58013165,0.100106589,0.214613229,9.920690469
2018,Costa Rica,7.072,1.459,0.817,0.632,0.101,0.143,9.967356036
2019,Costa Rica,7.167,1.441,0.963,0.558,0.093,0.144,10.02177271
2020,Costa Rica,7.121399879,0.901545942,71.29985046,0.934738934,0.786332428,-0.10242971,10.00480102
2021,Costa Rica,7.069,0.891,71.4,0.934,0.809,-0.126,9.88
2015,Croatia,5.759,0.79624,0.78805,0.25883,0.0243,0.05444,10.05626327
2016,Croatia,5.488,0.60809,0.70524,0.23907,0.04002,0.18434,10.13503501
2017,Croatia,5.293000221,0.967983007,0.701288521,0.255772293,0.04310311,0.248002976,10.20928276
2018,Croatia,5.321,1.161,0.737,0.38,0.039,0.12,10.2696893
2019,Croatia,5.432,1.266,0.914,0.296,0.022,0.119,10.32799092
2020,Croatia,5.504700184,0.874623716,70.21490479,0.714838803,0.916495264,-0.128538325,10.26957802
2021,Croatia,5.882,0.924,70.799,0.754,0.939,-0.118,10.217
2015,Cyprus,5.695,1.07008,0.92356,0.49027,0.1428,0.26169,10.36770177
2016,Cyprus,5.771,0.81826,0.84142,0.43596,0.16578,0.26322,10.48344337
2017,Cyprus,5.809999943,1.186303377,0.834647238,0.471203625,0.155353352,0.266845703,10.55289101
2018,Cyprus,5.835,1.211,0.909,0.495,0.154,0.179,10.60939526
2019,Cyprus,6.046,1.223,1.042,0.406,0.041,0.19,10.65453189
2020,Cyprus,6.15899992,0.805996239,73.70222473,0.779858291,0.856271744,0.043731496,10.58286201
2021,Cyprus,5.536,0.82,73.898,0.795,0.626,0.012,10.576
2015,Czech Republic,6.505,1.20643,0.84483,0.46364,0.02652,0.10686,10.43114925
2016,Czech Republic,6.596,1.00793,0.76376,0.41418,0.03986,0.09929,10.49398458
2017,Czech Republic,6.609000206,1.433885217,0.754444003,0.490946174,0.036872927,0.088106759,10.56681676
2018,Czech Republic,6.711,1.489,0.854,0.543,0.034,0.064,10.6246266
2019,Czech Republic,6.852,1.487,0.92,0.457,0.036,0.046,10.66539102
2020,Czech Republic,6.910900116,0.914430678,70.04793549,0.818537354,0.85844624,-0.230861515,10.63595132
2021,Czech Republic,6.965,0.947,70.807,0.858,0.868,-0.208,10.556
2015,Denmark,7.527,1.36058,0.87464,0.64938,0.48357,0.34139,10.80050044
2016,Denmark,7.526,1.16374,0.79504,0.57941,0.44453,0.36171,10.85853746
2017,Denmark,7.521999836,1.551121593,0.792565525,0.626006722,0.400770068,0.355280489,10.92155263
2018,Denmark,7.555,1.59,0.868,0.683,0.408,0.284,10.95924388
2019,Denmark,7.6,1.573,0.996,0.592,0.41,0.252,10.98021161
2020,Denmark,7.645599842,0.955990791,72.40250397,0.951444268,0.168489456,0.066201776,11.00592443
2021,Denmark,7.62,0.954,72.7,0.946,0.179,0.03,10.933
2015,Dominican Republic,4.885,1.17202,0.66825,0.57672,0.14234,0.21684,9.598376261
2016,Dominican Republic,5.155,0.99496,0.57669,0.52259,0.12372,0.21286,9.687187014
2017,Dominican Republic,5.230000019,1.402416706,0.574873745,0.552589834,0.113945253,0.18696785,9.725279389
2018,Dominican Republic,5.302,1.441,0.614,0.578,0.106,0.12,9.805712219
2019,Dominican Republic,5.425,1.401,0.779,0.497,0.101,0.113,9.86222694
2020,Dominican Republic,5.689199924,0.882085383,65.80748749,0.866202772,0.755999923,-0.131263286,9.79454597
2021,Dominican Republic,5.545,0.853,66.102,0.86,0.714,-0.133,9.802
2015,Ecuador,5.975,0.99903,0.79075,0.48574,0.1809,0.11541,9.311116158
2016,Ecuador,5.976,0.85974,0.68613,0.4027,0.18037,0.10074,9.308761089
2017,Ecuador,6.007999897,1.286168814,0.685636222,0.455198199,0.140134647,0.150112465,9.360303343
2018,Ecuador,5.973,1.33,0.736,0.556,0.12,0.114,9.379183437
2019,Ecuador,6.028,1.312,0.868,0.498,0.087,0.126,9.380206802
2020,Ecuador,5.925199986,0.836418986,68.50003815,0.859828949,0.801215112,-0.127014965,9.29613012
2021,Ecuador,5.764,0.821,68.8,0.842,0.843,-0.124,9.313
2015,Egypt,4.194,0.747,0.61712,0.17288,0.06324,0.11291,9.35118018
2016,Egypt,4.362,0.49813,0.52116,0.18847,0.10393,0.12706,9.322987844
2017,Egypt,4.735000134,0.997471392,0.520187259,0.282110155,0.114381365,0.128631443,9.306966638
2018,Egypt,4.419,1.025,0.553,0.312,0.107,0.092,9.362137349
2019,Egypt,4.166,1.039,0.644,0.241,0.067,0.076,9.414155979
2020,Egypt,4.151400089,0.735447824,61.78015137,0.708354175,0.787726879,-0.196878314,9.442007808
2021,Egypt,4.283,0.75,61.998,0.749,0.795,-0.182,9.367
2015,El Salvador,6.13,1.02507,0.67737,0.4035,0.11776,0.10692,8.935599424
2016,El Salvador,6.068,0.80975,0.596,0.37269,0.10613,0.08877,8.992013924
2017,El Salvador,6.002999783,1.182125092,0.596018553,0.43245253,0.08998096,0.078257985,9.042401152
2018,El Salvador,6.167,1.231,0.639,0.461,0.082,0.065,9.085066311
2019,El Salvador,6.253,1.242,0.789,0.43,0.074,0.093,9.121209776
2020,El Salvador,6.34829998,0.806092262,66.10826111,0.833805263,0.754319906,-0.121072978,9.03842285
2021,El Salvador,6.061,0.762,66.402,0.888,0.688,-0.11,9.054
2015,Estonia,5.429,1.22791,0.77361,0.44888,0.15184,0.0868,10.28109919
2016,Estonia,5.517,1.05163,0.68098,0.41511,0.18519,0.08423,10.35178072
2017,Estonia,5.611000061,1.4766711,0.695168316,0.47913143,0.183248922,0.098890811,10.42886477
2018,Estonia,5.739,1.532,0.737,0.553,0.174,0.086,10.49817695
2019,Estonia,5.893,1.528,0.874,0.495,0.161,0.103,10.54138822
2020,Estonia,6.021800041,0.934729993,68.60495758,0.87770915,0.623073816,-0.111697771,10.53477508
2021,Estonia,6.189,0.941,68.8,0.909,0.527,-0.106,10.481
2015,Ethiopia,4.512,0.60406,0.44055,0.4345,0.15048,0.24325,7.412972025
2016,Ethiopia,4.508,0.37932,0.34578,0.36703,0.1717,0.29522,7.538395304
2017,Ethiopia,4.460000038,0.864669204,0.353409708,0.408842742,0.165455714,0.31265074,7.611626208
2018,Ethiopia,4.35,0.95,0.391,0.452,0.146,0.22,7.67509155
2019,Ethiopia,4.286,1.033,0.532,0.344,0.1,0.209,7.747315163
2020,Ethiopia,4.186200142,0.743307352,58.63959122,0.740795195,0.753690004,0.043377332,7.792684164
2021,Ethiopia,4.275,0.764,59,0.752,0.761,0.082,7.694
2015,Finland,7.406,1.31826,0.88911,0.64169,0.41372,0.23351,10.65720535
2016,Finland,7.413,1.13464,0.81091,0.57104,0.41004,0.25492,10.71296
2017,Finland,7.468999863,1.540246725,0.80915767,0.617950857,0.382611543,0.245482773,10.7699604
2018,Finland,7.632,1.592,0.874,0.681,0.393,0.202,10.81135501
2019,Finland,7.769,1.587,0.986,0.596,0.393,0.153,10.82618849
2020,Finland,7.808700085,0.954329729,71.9008255,0.949172199,0.195444584,-0.059482019,10.82985308
2021,Finland,7.842,0.954,72,0.949,0.186,-0.098,10.775
2015,France,6.575,1.26038,0.94579,0.55011,0.20646,0.12332,10.61766204
2016,France,6.478,1.00508,0.83795,0.46562,0.17808,0.1216,10.66720068
2017,France,6.441999912,1.387776852,0.844465852,0.470222116,0.172502428,0.129762307,10.70497476
2018,France,6.489,1.466,0.908,0.52,0.176,0.098,10.74885359
2019,France,6.592,1.472,1.045,0.436,0.183,0.111,10.8010513
2020,France,6.663799763,0.937103748,73.80193329,0.825467646,0.583521128,-0.130641967,10.75754201
2021,France,6.69,0.942,74,0.822,0.571,-0.147,10.704
2015,Gabon,3.896,0.90528,0.43372,0.31914,0.11091,0.06822,9.595571211
2016,Gabon,4.121,0.72368,0.3494,0.28098,0.09314,0.06244,9.567048594
2017,Gabon,4.465000153,1.155620217,0.356578588,0.312328577,0.076046787,0.043785378,9.616261645
2018,Gabon,4.758,1.164,0.404,0.356,0.052,0.032,9.62229714
2019,Gabon,4.799,1.183,0.571,0.295,0.055,0.043,9.653609726
2020,Gabon,4.829299927,0.787886858,59.71533966,0.704829216,0.849150956,-0.222261623,9.622871549
2021,Gabon,4.852,0.776,59.962,0.731,0.84,-0.2,9.603
2015,Georgia,4.297,0.38562,0.72926,0.40577,0.38331,0.05547,9.400065241
2016,Georgia,4.252,0.19249,0.64035,0.32461,0.3188,0.06786,9.461759059
2017,Georgia,4.285999775,0.570614934,0.649546981,0.309410036,0.251666635,0.054008815,9.517067976
2018,Georgia,4.34,0.592,0.643,0.375,0.215,0.038,9.588477492
2019,Georgia,4.519,0.666,0.752,0.346,0.164,0.043,9.656509257
2020,Georgia,4.672599792,0.629033029,64.49520874,0.801641524,0.665944695,-0.22892037,9.600148622
2021,Georgia,4.891,0.671,64.3,0.783,0.655,-0.238,9.585
2015,Germany,6.75,1.29937,0.89186,0.61477,0.21843,0.28214,10.7707935
2016,Germany,6.994,1.09774,0.81487,0.53466,0.28551,0.30452,10.83130527
2017,Germany,6.951000214,1.472520351,0.798950732,0.562511384,0.276731938,0.33626917,10.8793945
2018,Germany,6.965,1.474,0.861,0.586,0.28,0.273,10.91935872
2019,Germany,6.985,1.454,0.987,0.495,0.265,0.261,10.92688924
2020,Germany,7.075799942,0.898874462,72.20201874,0.867371082,0.456422031,0.080179386,10.91130065
2021,Germany,7.155,0.903,72.5,0.875,0.46,0.011,10.873
2015,Ghana,4.633,0.67954,0.40132,0.42342,0.04355,0.23087,8.557572631
2016,Ghana,4.276,0.49353,0.29681,0.40973,0.0326,0.21203,8.515738201
2017,Ghana,4.119999886,0.873664737,0.295637727,0.423026294,0.02533637,0.256923944,8.540109935
2018,Ghana,4.657,0.896,0.337,0.499,0.029,0.212,8.602062169
2019,Ghana,4.996,0.868,0.486,0.381,0.04,0.245,8.661178172
2020,Ghana,5.147999763,0.728601098,57.20398712,0.794796526,0.847964764,0.094170853,8.655986377
2021,Ghana,5.088,0.727,57.586,0.807,0.848,0.123,8.58
2015,Greece,4.857,0.92933,0.88213,0.07699,0.01397,0,10.19467709
2016,Greece,5.033,0.75473,0.80029,0.05822,0.04127,0,10.22237032
2017,Greece,5.227000237,1.239414573,0.810198903,0.095731251,0.043289777,0,10.26133195
2018,Greece,5.358,1.202,0.879,0.131,0.044,0,10.29612231
2019,Greece,5.287,1.156,0.999,0.067,0.034,0,10.32075825
2020,Greece,5.514999866,0.814380348,72.40525818,0.541345119,0.859931409,-0.300907373,10.23672401
2021,Greece,5.723,0.823,72.6,0.582,0.823,-0.288,10.279
2015,Guatemala,6.123,1.04356,0.64425,0.57733,0.09472,0.27489,9.011211238
2016,Guatemala,6.324,0.87119,0.54039,0.50379,0.08701,0.28808,9.014537926
2017,Guatemala,6.453999996,1.255585194,0.54023999,0.531310618,0.077223279,0.283488393,9.026683942
2018,Guatemala,6.382,1.268,0.608,0.604,0.071,0.179,9.067087278
2019,Guatemala,6.436,1.269,0.746,0.535,0.078,0.175,9.107117133
2020,Guatemala,6.398900032,0.816621482,64.8089447,0.908147573,0.783237457,-0.042938665,9.088587344
2021,Guatemala,6.435,0.813,64.958,0.906,0.775,-0.038,9.053
2015,Guinea,3.656,0.46475,0.24009,0.37725,0.12139,0.28657,7.506241358
2016,Guinea,3.607,0.3109,0.18829,0.30953,0.1192,0.29914,7.639469595
2017,Guinea,3.506999969,0.791244686,0.194129139,0.348587513,0.110937618,0.264815092,7.790614884
2018,Guinea,3.964,0.792,0.211,0.394,0.094,0.185,7.847655018
2019,Guinea,4.534,0.829,0.375,0.332,0.086,0.207,7.891926577
2020,Guinea,4.949299812,0.637573481,54.46780014,0.706846774,0.761794448,0.076328471,7.943542202
2021,Guinea,4.984,0.639,55.008,0.697,0.766,0.095,7.838
2015,Haiti,4.518,0.74302,0.38847,0.24425,0.17175,0.46187,7.971991649
2016,Haiti,4.028,0.29561,0.27494,0.12072,0.14476,0.47958,8.033993705
2017,Haiti,3.602999926,0.640449822,0.27732113,0.030369857,0.09987215,0.489203781,8.056204609
2018,Haiti,3.582,0.714,0.289,0.025,0.104,0.392,8.083730771
2019,Haiti,3.597,0.688,0.449,0.026,0.11,0.419,8.07193682
2020,Haiti,3.720799923,0.593247831,55.59862518,0.537825167,0.684767246,0.40053457,8.037605885
2021,Haiti,3.615,0.54,55.7,0.593,0.721,0.422,7.477
2015,Honduras,4.788,0.95348,0.6951,0.40148,0.06825,0.23027,8.481233398
2016,Honduras,4.871,0.75596,0.58383,0.26755,0.06906,0.2044,8.546216925
2017,Honduras,5.181000233,1.143944979,0.58256948,0.34807986,0.073345453,0.236188874,8.623712053
2018,Honduras,5.504,1.205,0.622,0.459,0.074,0.197,8.668496505
2019,Honduras,5.86,1.236,0.828,0.507,0.078,0.246,8.695969203
2020,Honduras,5.953199863,0.821870148,67.19876862,0.870603263,0.801131904,0.086969115,8.59789431
2021,Honduras,5.919,0.812,67.3,0.857,0.809,0.081,8.648
2015,Hong Kong,5.474,1.05818,1.01328,0.59608,0.37124,0.39478,10.94038287
2016,Hong Kong,5.458,0.87021,0.95277,0.48079,0.31647,0.40097,10.95468347
2017,Hong Kong,5.472000122,1.262790918,0.943062425,0.490968645,0.293933749,0.374465793,10.99958415
2018,Hong Kong,5.43,1.29,1.03,0.524,0.291,0.246,11.04338665
2019,Hong Kong,5.43,1.277,1.122,0.44,0.287,0.258,11.03659951
2020,Hong Kong,5.510399818,0.845969081,76.77170563,0.779833794,0.420607209,0.134979904,10.98925281
2021,Hong Kong,5.477,0.836,76.82,0.717,0.403,0.067,11
2015,Hungary,4.8,1.20215,0.75905,0.32112,0.02758,0.128,10.19640323
2016,Hungary,5.145,0.93164,0.67608,0.1977,0.04472,0.099,10.23808796
2017,Hungary,5.323999882,1.343133092,0.687763453,0.175863519,0.036636937,0.078401662,10.29218352
2018,Hungary,5.62,1.401,0.732,0.259,0.022,0.061,10.37077107
2019,Hungary,5.758,1.41,0.828,0.199,0.02,0.081,10.41974664
2020,Hungary,6.000400066,0.921934128,67.60997009,0.718964577,0.892916501,-0.194323018,10.40660053
2021,Hungary,5.992,0.943,68,0.755,0.876,-0.186,10.358
2015,Iceland,7.561,1.40223,0.94784,0.62877,0.14145,0.4363,10.80367053
2016,Iceland,7.501,1.18326,0.86733,0.56624,0.14975,0.47678,10.88707046
2017,Iceland,7.504000187,1.610574007,0.833552122,0.627162635,0.153526559,0.475540221,10.92663054
2018,Iceland,7.495,1.644,0.914,0.677,0.138,0.353,10.95450672
2019,Iceland,7.494,1.624,1.026,0.591,0.118,0.354,10.97318749
2020,Iceland,7.504499912,0.974669576,73,0.948891878,0.711709738,0.246944219,10.88971928
2021,Iceland,7.554,0.983,73,0.955,0.673,0.16,10.878
2015,India,4.565,0.38174,0.51529,0.39786,0.08492,0.26475,8.606093632
2016,India,4.404,0.29247,0.45091,0.40285,0.08722,0.25028,8.672462928
2017,India,4.315000057,0.754372597,0.455427617,0.469987005,0.092226885,0.231538489,8.729546272
2018,India,4.19,0.747,0.485,0.539,0.093,0.172,8.806178608
2019,India,4.015,0.765,0.588,0.498,0.085,0.2,8.853360237
2020,India,3.573299885,0.592200935,60.21518707,0.881444871,0.772042692,0.057551607,8.780164664
2021,India,3.819,0.603,60.633,0.893,0.774,0.089,8.755
2015,Indonesia,5.399,1.08708,0.63793,0.46611,0,0.51535,9.234760395
2016,Indonesia,5.314,0.87625,0.49374,0.39237,0.00322,0.56521,9.258604093
2017,Indonesia,5.262000084,1.274444699,0.492345721,0.443323463,0.015317135,0.611704588,9.299781702
2018,Indonesia,5.093,1.215,0.522,0.538,0.018,0.484,9.362611447
2019,Indonesia,5.192,1.203,0.66,0.491,0.028,0.498,9.41828933
2020,Indonesia,5.285600185,0.808379889,62.15584946,0.870614409,0.876296401,0.519586504,9.398704923
2021,Indonesia,5.345,0.811,62.236,0.873,0.867,0.542,9.365
2015,Iran,4.686,0.54447,0.69805,0.30033,0.05863,0.38086,9.51697683
2016,Iran,4.813,0.38857,0.64232,0.22544,0.0557,0.38538,9.547637248
2017,Iran,4.691999912,0.711551249,0.639333189,0.249322608,0.048761073,0.387242913,9.584374913
2018,Iran,4.707,0.771,0.691,0.459,0.129,0.282,9.5320845
2019,Iran,4.548,0.842,0.785,0.305,0.125,0.27,9.466002445
2020,Iran,4.672399998,0.694689691,66.00614929,0.647873282,0.714635968,0.117891103,9.498373394
2021,Iran,4.721,0.71,66.3,0.608,0.714,0.218,9.584
2015,Iraq,4.677,0.81889,0.60237,0,0.13788,0.17922,9.186447609
2016,Iraq,4.575,0.59205,0.51076,0.24856,0.13636,0.19589,9.151503604
2017,Iraq,4.497000217,0.978613198,0.50118047,0.288555533,0.107215755,0.199637264,9.261638903
2018,Iraq,4.456,0.971,0.536,0.304,0.095,0.148,9.288178104
2019,Iraq,4.437,0.98,0.574,0.241,0.089,0.148,9.341197018
2020,Iraq,4.784800053,0.747694969,59.90354919,0.633182645,0.82226181,-0.06956476,9.159754756
2021,Iraq,4.854,0.746,60.583,0.63,0.875,-0.053,9.24
2015,Ireland,6.94,1.36948,0.89533,0.61777,0.28703,0.45901,11.14227869
2016,Ireland,6.907,1.16157,0.81455,0.54008,0.29754,0.44963,11.17743316
2017,Ireland,6.977000237,1.558231115,0.809782624,0.573110342,0.298388153,0.427858323,11.26124357
2018,Ireland,6.977,1.583,0.876,0.614,0.306,0.307,11.345165
2019,Ireland,7.021,1.553,0.999,0.516,0.31,0.298,11.37801819
2020,Ireland,7.093699932,0.942081571,72.30078888,0.886982977,0.357184172,0.145784974,11.44229853
2021,Ireland,7.085,0.947,72.4,0.879,0.363,0.077,11.342
2015,Israel,7.278,1.22393,0.91387,0.41319,0.07785,0.33172,10.47644114
2016,Israel,7.267,0.99537,0.84917,0.36432,0.08728,0.32288,10.54120644
2017,Israel,7.212999821,1.376289964,0.838404,0.405988604,0.0852421,0.330082655,10.57442225
2018,Israel,6.814,1.559,0.883,0.533,0.272,0.354,10.59428509
2019,Israel,7.139,1.455,1.029,0.371,0.082,0.261,10.59673549
2020,Israel,7.128600121,0.913571239,73.20025635,0.747580588,0.78085506,0.10259372,10.58358923
2021,Israel,7.157,0.939,73.503,0.8,0.753,0.031,10.575
2015,Italy,5.948,1.19777,0.95446,0.26236,0.02901,0.22823,10.51595017
2016,Italy,5.977,1.04167,0.85102,0.18827,0.02556,0.16684,10.59480693
2017,Italy,5.964000225,1.444923282,0.853144348,0.256450713,0.028028091,0.172789648,10.63540152
2018,Italy,6,1.501,0.946,0.281,0.028,0.137,10.66979792
2019,Italy,6.223,1.488,1.039,0.231,0.03,0.158,10.69951167
2020,Italy,6.38740015,0.889878571,73.60168457,0.66465199,0.873404682,-0.043460999,10.6413345
2021,Italy,6.483,0.88,73.8,0.693,0.866,-0.084,10.623
2015,Ivory Coast,3.655,0.77115,0.15185,0.46866,0.17922,0.20165,
2016,Ivory Coast,3.916,0.57576,0.04476,0.40663,0.1553,0.20338,
2017,Ivory Coast,4.179999828,0.90478003,0.04864217,0.447706193,0.130061775,0.20123747,
2018,Ivory Coast,4.671,0.872,0.08,0.467,0.103,0.146,
2019,Ivory Coast,4.944,0.808,0.232,0.352,0.09,0.154,
2020,Ivory Coast,5.233300209,0.658048689,49.50377274,0.727909327,0.790771961,-0.043991156,
2021,Ivory Coast,5.306,0.644,50.114,0.741,0.794,-0.016,8.551
2015,Jamaica,5.709,1.15102,0.68741,0.50442,0.02299,0.2123,9.081603974
2016,Jamaica,5.51,0.96372,0.59469,0.43597,0.04294,0.22245,9.126323424
2017,Jamaica,5.31099987,1.368218064,0.641022384,0.474307239,0.055267781,0.233818337,9.169529288
2018,Jamaica,5.89,1.493,0.693,0.575,0.031,0.096,9.207194879
2019,Jamaica,5.89,1.478,0.831,0.49,0.028,0.107,9.229208705
2020,Jamaica,5.889800072,0.915701866,67.09999847,0.858068526,0.888890028,-0.125106767,9.13146767
2021,Jamaica,6.309,0.877,67.5,0.89,0.884,-0.137,9.186
2015,Japan,5.987,1.25712,0.99111,0.49615,0.1806,0.10705,10.61885617
2016,Japan,5.921,1.06054,0.91491,0.46761,0.18985,0.10224,10.61209015
2017,Japan,5.920000076,1.436337829,0.913475871,0.505625546,0.163760737,0.120572768,10.63357117
2018,Japan,5.915,1.462,0.988,0.553,0.15,0.079,10.6502324
2019,Japan,5.886,1.419,1.088,0.445,0.14,0.069,10.65999845
2020,Japan,5.870800018,0.883545935,75.00096893,0.809961379,0.654558063,-0.246910349,10.65467672
2021,Japan,5.94,0.884,75.1,0.796,0.638,-0.258,10.611
2015,Jordan,5.192,1.05392,0.69639,0.40661,0.14293,0.11053,9.155322491
2016,Jordan,5.303,0.86216,0.60712,0.36023,0.13297,0.14262,9.153337849
2017,Jordan,5.335999966,1.239088893,0.604590058,0.418421149,0.119803272,0.17217046,9.210697806
2018,Jordan,5.161,1.265,0.645,0.468,0.134,0.13,9.235405349
2019,Jordan,4.906,1.225,0.815,0.383,0.13,0.11,9.258873162
2020,Jordan,4.633399963,0.80216372,66.79975128,0.75104779,0.700344324,-0.162565202,9.245225601
2021,Jordan,4.395,0.767,67,0.755,0.705,-0.167,9.182
2015,Kazakhstan,5.855,1.12241,0.64368,0.51649,0.08454,0.11827,10.05294658
2016,Kazakhstan,5.919,0.95544,0.57386,0.4052,0.11132,0.15011,10.07823151
2017,Kazakhstan,5.818999767,1.384369016,0.606041551,0.437454283,0.119282886,0.201964423,10.12113467
2018,Kazakhstan,5.79,1.516,0.631,0.454,0.121,0.148,10.17189734
2019,Kazakhstan,5.809,1.508,0.729,0.41,0.096,0.146,10.22071219
2020,Kazakhstan,6.057899952,0.934744895,64.60996246,0.811601937,0.764490843,-0.068488635,10.19445337
2021,Kazakhstan,6.152,0.952,65.2,0.853,0.733,-0.069,10.155
2015,Kenya,4.419,0.99876,0.41435,0.42215,0.05839,0.37542,8.211494296
2016,Kenya,4.356,0.7624,0.30147,0.40576,0.06686,0.41328,8.276622124
2017,Kenya,4.552999973,1.067950726,0.30998835,0.452763766,0.064641319,0.444860309,8.343693014
2018,Kenya,4.41,1.048,0.454,0.504,0.055,0.352,8.399125415
2019,Kenya,4.509,0.983,0.581,0.431,0.053,0.372,8.442702458
2020,Kenya,4.583000183,0.702652037,60.09693146,0.829747558,0.831499159,0.294681519,8.428996797
2021,Kenya,4.607,0.688,60.704,0.779,0.825,0.287,8.361
2015,Kosovo,5.589,0.81198,0.63132,0.24749,0.04741,0.2831,9.143894447
2016,Kosovo,5.401,0.66062,0.54,0.14396,0.06547,0.27992,9.211109
2017,Kosovo,5.278999805,1.137853503,0.54145205,0.260287941,0.057471618,0.319931448,9.253032826
2018,Kosovo,5.662,1.23,0.578,0.448,0.023,0.274,9.306867727
2019,Kosovo,6.1,1.232,0.758,0.489,0.006,0.262,9.375610655
2020,Kosovo,6.325200081,0.820726514,63.88555527,0.861535907,0.922328293,0.190933764,9.340284305
2021,Kosovo,6.372,0.821,63.813,0.869,0.917,0.257,9.318
2015,Kuwait,6.295,1.16594,0.72492,0.55499,0.25609,0.16228,10.76279854
2016,Kuwait,6.239,0.87758,0.63569,0.43166,0.23669,0.15965,10.70740429
2017,Kuwait,6.105000019,1.259698749,0.632105708,0.496337593,0.21515955,0.228289798,10.8367446
2018,Kuwait,6.083,1.301,0.675,0.554,0.106,0.167,10.85303063
2019,Kuwait,6.021,1.319,0.808,0.493,0.097,0.142,10.85826888
2020,Kuwait,6.102099895,0.846475244,66.76764679,0.872366488,0.760849059,-0.100184701,10.76441331
2021,Kuwait,6.106,0.843,66.9,0.867,0.736,-0.104,10.817
2015,Kyrgyzstan,5.286,1.15115,0.65088,0.43477,0.04232,0.3003,8.346364421
2016,Kyrgyzstan,5.185,0.95434,0.55449,0.40212,0.04762,0.38432,8.451304369
2017,Kyrgyzstan,5.004000187,1.394238591,0.553457797,0.454943389,0.039439179,0.428580374,8.526488166
2018,Kyrgyzstan,5.131,1.416,0.594,0.54,0.035,0.281,8.567201265
2019,Kyrgyzstan,5.261,1.438,0.723,0.508,0.023,0.3,8.6089959
2020,Kyrgyzstan,5.541500092,0.887228489,64.10601044,0.909374893,0.888396084,0.154772058,8.51011486
2021,Kyrgyzstan,5.744,0.893,64.401,0.935,0.908,0.119,8.538
2015,Laos,4.876,0.73803,0.54909,0.59591,0.24249,0.42192,8.727207944
2016,Laos,4.876,0.5497,0.38291,0.52168,0.22423,0.43079,8.831063282
2017,Laos,4.7495,0.79185,0.411955,0.57384,0.199115,0.330395,8.89487449
2018,Laos,4.623,1.034,0.441,0.626,0.174,0.23,8.958685698
2019,Laos,4.796,1.03,0.551,0.547,0.164,0.266,9.014347249
2020,Laos,4.888599873,0.737502217,58.70992279,0.907213569,0.634679317,0.11137148,9.016654471
2021,Laos,5.03,0.728,58.968,0.91,0.658,0.123,8.947
2015,Latvia,5.098,1.09562,0.72437,0.29671,0.06332,0.18226,10.12554195
2016,Latvia,5.56,0.95025,0.63952,0.27996,0.0889,0.17445,10.19323223
2017,Latvia,5.849999905,1.404714942,0.638566971,0.325707912,0.073842727,0.153074786,10.26373084
2018,Latvia,5.933,1.454,0.671,0.363,0.066,0.092,10.33776821
2019,Latvia,5.94,1.465,0.812,0.264,0.064,0.075,10.36983636
2020,Latvia,5.949999809,0.918288589,66.8074646,0.671237648,0.795580089,-0.186888844,10.35661471
2021,Latvia,6.032,0.927,67.1,0.715,0.8,-0.162,10.315
2015,Lebanon,4.839,0.80001,0.83947,0.33916,0.04582,0.21854,9.622844442
2016,Lebanon,5.129,0.64184,0.76171,0.26228,0.03061,0.23693,9.650883306
2017,Lebanon,5.224999905,1.129624248,0.735081077,0.288515985,0.03751383,0.264450759,9.68303168
2018,Lebanon,5.358,1.179,0.785,0.503,0.136,0.214,9.683735896
2019,Lebanon,5.197,1.224,0.815,0.216,0.027,0.166,9.627706396
2020,Lebanon,4.771500111,0.824338138,67.10658264,0.551357508,0.90225625,-0.06121527,9.402494543
2021,Lebanon,4.584,0.848,67.355,0.525,0.898,-0.073,9.626
2015,Lesotho,4.898,1.04103,0.07612,0.31767,0.12504,0.16388,8.03183966
2016,Lesotho,4.353000044,1.115562593,0.03806,0.35416565,0.12206732,0.160688636,7.960516646
2017,Lesotho,3.808000088,1.190095186,0,0.390661299,0.11909464,0.157497272,7.889193631
2018,Lesotho,3.808,1.215,0.079,0.423,0.112,0.116,7.892615016
2019,Lesotho,3.802,1.169,0.168,0.359,0.093,0.107,7.898484753
2020,Lesotho,3.652800083,0.780495703,48.00362396,0.738125861,0.857392073,-0.145732045,7.801423344
2021,Lesotho,3.512,0.787,48.7,0.715,0.915,-0.131,7.926
2015,Liberia,4.571,0.78968,0.34201,0.28531,0.06232,0.24362,7.179660625
2016,Liberia,3.622,0.50353,0.23165,0.25748,0.04852,0.24063,7.265284315
2017,Liberia,3.532999992,0.872117937,0.229918197,0.332881182,0.038948249,0.266549885,7.355128308
2018,Liberia,3.495,0.858,0.267,0.419,0.03,0.206,7.365837812
2019,Liberia,3.975,0.922,0.443,0.37,0.033,0.233,7.334277251
2020,Liberia,4.557899952,0.70928055,56.09631348,0.735268712,0.856375933,0.04227322,7.291900442
2021,Liberia,4.625,0.72,56.498,0.735,0.85,0.05,7.288
2015,Libya,5.754,1.11862,0.7038,0.41668,0.11023,0.18295,9.410831148
2016,Libya,5.615,0.95076,0.52304,0.40672,0.10339,0.17087,9.315485996
2017,Libya,5.525000095,1.35756433,0.52016902,0.46573323,0.09261021,0.152073666,9.490846801
2018,Libya,5.566,1.35,0.553,0.496,0.148,0.116,9.64073044
2019,Libya,5.525,1.303,0.673,0.416,0.152,0.133,9.668769582
2020,Libya,5.488800049,0.825942934,62.29999924,0.773157001,0.668779135,-0.085054487,9.291578507
2021,Libya,5.41,0.827,62.3,0.771,0.667,-0.087,9.622
2015,Lithuania,5.833,1.25745,0.73128,0.21342,0.01031,0.02641,10.26932536
2016,Lithuania,5.813,1.06411,0.64674,0.18929,0.0182,0.02025,10.33932572
2017,Lithuania,5.90199995,1.473516107,0.62894994,0.234231785,0.011865643,0.010164657,10.42708737
2018,Lithuania,5.952,1.527,0.716,0.35,0.006,0.026,10.50166971
2019,Lithuania,6.149,1.515,0.818,0.291,0.042,0.043,10.55947222
2020,Lithuania,6.215499878,0.926107109,67.29407501,0.747381449,0.809583843,-0.219725296,10.56831548
2021,Lithuania,6.255,0.935,67.906,0.773,0.826,-0.203,10.499
2015,Luxembourg,6.946,1.21963,0.91894,0.61583,0.37798,0.28034,11.58858646
2016,Luxembourg,6.871,1.03999,0.84542,0.5487,0.35329,0.27571,11.63836953
2017,Luxembourg,6.862999916,1.457583666,0.845089495,0.596627891,0.318834424,0.283180982,11.65256429
2018,Luxembourg,6.91,1.52,0.896,0.632,0.321,0.196,11.66963503
2019,Luxembourg,7.09,1.479,1.012,0.526,0.316,0.194,11.6728473
2020,Luxembourg,7.237500191,0.906912208,72.59999847,0.90563643,0.367084295,-0.004620588,11.67419538
2021,Luxembourg,7.324,0.908,72.6,0.907,0.386,-0.034,11.647
2015,Macedonia,5.007,1.00232,0.73545,0.33457,0.05327,0.22359,9.538801706
2016,Macedonia,5.121,0.78236,0.64738,0.27668,0.07047,0.23507,9.624963142
2017,Macedonia,5.175000191,1.207893014,0.644948184,0.325905979,0.060277794,0.253760964,9.661826364
2018,Macedonia,5.185,1.239,0.691,0.394,0.052,0.173,9.727792466
2019,Macedonia,5.274,1.294,0.838,0.345,0.034,0.185,9.773676116
2020,Macedonia,5.159800053,0.820392311,67.50442505,0.738840938,0.897490501,-0.019877451,9.738593524
2021,Macedonia,5.101,0.805,65.474,0.751,0.905,0.038,9.693
2015,Madagascar,3.681,0.66801,0.46721,0.19184,0.08124,0.21333,7.343967622
2016,Madagascar,3.695,0.46115,0.37109,0.13684,0.07506,0.2204,7.381917378
2017,Madagascar,3.644000053,0.913020372,0.375223309,0.189196765,0.067231975,0.20873253,7.367976541
2018,Madagascar,3.774,0.908,0.402,0.221,0.049,0.155,7.396451457
2019,Madagascar,3.933,0.916,0.555,0.148,0.041,0.169,7.430748117
2020,Madagascar,4.165599823,0.668195903,59.10542679,0.557574093,0.817485631,-0.011823639,7.342235565
2021,Madagascar,4.208,0.686,59.305,0.552,0.803,-0.005,7.396
2015,Malawi,4.292,0.41134,0.22562,0.43054,0.06977,0.33128,7.276373199
2016,Malawi,4.156,0.147,0.29364,0.4143,0.07564,0.30968,7.282320492
2017,Malawi,3.970000029,0.512568831,0.315089583,0.466914654,0.072711654,0.28717047,7.294477069
2018,Malawi,3.587,0.541,0.306,0.531,0.08,0.21,7.334765597
2019,Malawi,3.41,0.56,0.495,0.443,0.089,0.218,7.379099748
2020,Malawi,3.538000107,0.544007301,57.59288788,0.803223193,0.731700778,0.021433279,7.372498472
2021,Malawi,3.6,0.537,57.948,0.78,0.729,0.038,6.958
2015,Malaysia,5.77,1.07023,0.72394,0.53024,0.10501,0.33075,10.11867508
2016,Malaysia,6.005,0.88025,0.62366,0.39031,0.09081,0.41474,10.1482411
2017,Malaysia,6.084000111,1.284646034,0.618784428,0.402264982,0.065600708,0.41660893,10.19097613
2018,Malaysia,6.322,1.258,0.669,0.356,0.059,0.311,10.24847699
2019,Malaysia,5.339,1.171,0.828,0.508,0.024,0.26,10.29632004
2020,Malaysia,5.384300232,0.816509426,67.10215759,0.894626856,0.839302301,0.114726797,10.23723063
2021,Malaysia,5.384,0.817,67.102,0.895,0.839,0.125,10.238
2015,Mali,3.995,1.03526,0.20583,0.38857,0.12352,0.18798,7.617098528
2016,Mali,4.073,0.86333,0.16347,0.27544,0.13647,0.21064,7.691203123
2017,Mali,4.190000057,1.281473398,0.169365674,0.306613743,0.104970247,0.183354199,7.717261113
2018,Mali,4.447,1.233,0.152,0.367,0.056,0.139,7.757279378
2019,Mali,4.39,1.105,0.308,0.327,0.052,0.153,7.791476058
2020,Mali,4.729300022,0.731468976,51.72698212,0.71156615,0.839328408,-0.044366926,7.761314144
2021,Mali,4.723,0.724,51.969,0.697,0.827,-0.036,7.744
2015,Malta,6.302,1.30203,0.88721,0.60365,0.13586,0.51752,10.53090096
2016,Malta,6.488,1.09879,0.80315,0.54994,0.17554,0.56237,10.59380823
2017,Malta,6.52699995,1.488411665,0.821944237,0.588767052,0.153066069,0.574730575,10.66064375
2018,Malta,6.627,1.525,0.884,0.645,0.142,0.376,10.69690974
2019,Malta,6.726,1.52,0.999,0.564,0.151,0.375,10.73504141
2020,Malta,6.772799969,0.93037951,72.19999695,0.924911439,0.658547282,0.214965805,10.63923364
2021,Malta,6.602,0.931,72.2,0.927,0.653,0.133,10.674
2015,Mauritania,4.436,0.86908,0.35874,0.24232,0.17461,0.219,8.342876128
2016,Mauritania,4.201,0.84142,0.28639,0.1268,0.17955,0.22686,8.455340396
2017,Mauritania,4.291999817,1.27203083,0.28534928,0.096098043,0.136957005,0.201870024,8.538670716
2018,Mauritania,4.356,1.245,0.292,0.129,0.093,0.134,8.578868735
2019,Mauritania,4.49,1.167,0.489,0.066,0.088,0.106,8.625149482
2020,Mauritania,4.374599934,0.790819228,57.01017761,0.551522553,0.746223509,-0.106008142,8.592316638
2021,Mauritania,4.227,0.795,57.161,0.561,0.731,-0.106,8.542
2015,Mauritius,5.477,0.98521,0.7095,0.56066,0.07521,0.37744,9.864218284
2016,Mauritius,5.648,0.75695,0.66189,0.46145,0.05203,0.36951,9.937947865
2017,Mauritius,5.629000187,1.20956099,0.638007462,0.491247326,0.042181555,0.360933751,9.971852312
2018,Mauritius,5.891,1.387,0.684,0.584,0.05,0.245,10.03194019
2019,Mauritius,5.888,1.402,0.798,0.498,0.06,0.215,10.07899079
2020,Mauritius,6.101299763,0.910357833,66.40434265,0.889534533,0.805343091,-0.018318573,9.929667119
2021,Mauritius,6.049,0.905,66.701,0.867,0.789,-0.054,10.008
2015,Mexico,7.187,0.91451,0.81444,0.48181,0.21312,0.14074,9.814738328
2016,Mexico,6.778,0.7146,0.71143,0.37709,0.18355,0.11735,9.869085835
2017,Mexico,6.578000069,1.21086216,0.709978998,0.412730008,0.132774115,0.120990433,9.88945257
2018,Mexico,6.488,1.252,0.761,0.479,0.095,0.069,9.908283864
2019,Mexico,6.595,1.323,0.861,0.433,0.073,0.074,9.896615354
2020,Mexico,6.465000153,0.838665426,68.29902649,0.858709276,0.806821585,-0.175266623,9.822498354
2021,Mexico,6.317,0.831,68.597,0.862,0.799,-0.147,9.859
2015,Moldova,5.889,1.01528,0.61826,0.32818,0.01615,0.20951,9.132902867
2016,Moldova,5.897,0.83132,0.52309,0.25202,0.01903,0.19997,9.269597267
2017,Moldova,5.837999821,1.251825571,0.589465201,0.240729049,0.010091286,0.208779126,9.363174538
2018,Moldova,5.64,1.301,0.62,0.232,0,0.171,9.446201405
2019,Moldova,5.529,1.328,0.739,0.245,0,0.181,9.516162409
2020,Moldova,5.607500076,0.843313575,65.01301575,0.721609175,0.913314283,-0.037741039,9.472735528
2021,Moldova,5.766,0.857,65.699,0.822,0.918,-0.079,9.454
2015,Mongolia,4.874,1.3006,0.60268,0.43626,0.02666,0.3323,9.27315309
2016,Mongolia,4.907,1.08983,0.55469,0.35972,0.03285,0.34539,9.281496275
2017,Mongolia,4.954999924,1.493011236,0.557783484,0.394143969,0.032902289,0.33846423,9.338408463
2018,Mongolia,5.125,1.517,0.575,0.395,0.032,0.253,9.418771498
2019,Mongolia,5.285,1.531,0.667,0.317,0.038,0.235,9.473789655
2020,Mongolia,5.456200123,0.937142491,62.30448532,0.693351328,0.863511205,0.098093867,9.422782638
2021,Mongolia,5.677,0.935,62.5,0.708,0.856,0.116,9.4
2015,Montenegro,5.192,0.90557,0.72521,0.1826,0.14296,0.1614,9.700933593
2016,Montenegro,5.161,0.74173,0.63533,0.15111,0.12721,0.17191,9.809142973
2017,Montenegro,5.236999989,1.238376498,0.667464674,0.194989055,0.088174194,0.197911024,9.887473266
2018,Montenegro,5.347,1.279,0.729,0.259,0.081,0.111,9.975306951
2019,Montenegro,5.523,1.361,0.871,0.197,0.08,0.142,10.04747173
2020,Montenegro,5.54610014,0.855314612,68.50534821,0.649565637,0.783121586,-0.075600356,9.904981991
2021,Montenegro,5.581,0.858,68.699,0.708,0.812,-0.034,9.94
2015,Morocco,5.013,0.64095,0.60954,0.41691,0.08546,0.07172,8.85722524
2016,Morocco,5.151,0.38595,0.59471,0.25646,0.08404,0.04053,8.869680021
2017,Morocco,5.235000134,0.774864435,0.597710669,0.408158332,0.087763183,0.032209955,8.897279878
2018,Morocco,5.254,0.797,0.669,0.46,0.074,0.026,8.939284089
2019,Morocco,5.208,0.782,0.782,0.418,0.076,0.036,8.970293069
2020,Morocco,5.094799995,0.592628479,65.89624023,0.772072434,0.815724611,-0.240377247,8.90510414
2021,Morocco,4.918,0.56,66.208,0.774,0.801,-0.236,8.903
2015,Mozambique,4.971,1.02626,0.09131,0.34037,0.15603,0.22269,7.163379987
2016,Mozambique,4.760500096,0.948480508,0.098982218,0.410580546,0.167733193,0.272459052,7.160425269
2017,Mozambique,4.550000191,0.870701015,0.106654435,0.480791092,0.179436386,0.322228104,7.15747055
2018,Mozambique,4.417,0.902,0.173,0.531,0.158,0.206,7.185918893
2019,Mozambique,4.466,0.986,0.39,0.494,0.138,0.197,7.197425183
2020,Mozambique,4.623600006,0.723874032,54.20582199,0.864451885,0.683019102,0.032375868,7.168121033
2021,Mozambique,4.794,0.744,54.706,0.882,0.684,0.061,7.158
2015,Myanmar,4.307,0.70905,0.48246,0.44017,0.19034,0.79588,8.320069025
2016,Myanmar,4.395,0.69981,0.3988,0.42692,0.20243,0.81971,8.301814351
2017,Myanmar,4.545000076,1.123235941,0.397522569,0.514492035,0.188816205,0.838075161,8.348666849
2018,Myanmar,4.308,1.174,0.429,0.58,0.178,0.598,8.428390609
2019,Myanmar,4.36,1.181,0.555,0.525,0.172,0.566,8.50515148
2020,Myanmar,4.308000088,0.78440702,58.96171188,0.895075202,0.645124316,0.560663998,8.541656627
2021,Myanmar,4.426,0.779,59.302,0.876,0.66,0.509,8.541
2015,Namibia,4.574,0.70362,0.34745,0.48614,0.10398,0.07795,9.252165552
2016,Namibia,4.574,0.70362,0.34745,0.48614,0.10398,0.07795,9.252165552
2017,Namibia,4.573999882,1.098470807,0.338611811,0.520303547,0.093146972,0.077133745,9.227337253
2018,Namibia,4.441,1.281,0.365,0.519,0.064,0.051,9.242774166
2019,Namibia,4.639,1.313,0.477,0.401,0.056,0.07,9.232843528
2020,Namibia,4.571100235,0.846880972,56.50148773,0.767520964,0.851449788,-0.18530646,9.137563939
2021,Namibia,4.574,0.818,56.799,0.719,0.847,-0.149,9.161
2015,Nepal,4.514,0.86449,0.56874,0.38282,0.05907,0.32296,8.005106927
2016,Nepal,4.793,0.69699,0.50073,0.37012,0.07008,0.3816,8.002919967
2017,Nepal,4.961999893,1.179283261,0.504130781,0.440305948,0.072975546,0.394096166,8.178974817
2018,Nepal,4.88,1.228,0.539,0.526,0.078,0.302,8.259541557
2019,Nepal,4.913,1.226,0.677,0.439,0.089,0.285,8.323589592
2020,Nepal,5.137199879,0.785512447,63.77917862,0.797565043,0.738099158,0.154168829,8.296173762
2021,Nepal,5.269,0.774,64.233,0.782,0.727,0.152,8.12
2015,Netherlands,7.378,1.28017,0.89284,0.61576,0.31814,0.4761,10.82553352
2016,Netherlands,7.339,1.02912,0.81231,0.55211,0.29927,0.47416,10.86453012
2017,Netherlands,7.376999855,1.428939223,0.810696125,0.585384488,0.282661825,0.47048983,10.91669869
2018,Netherlands,7.441,1.488,0.878,0.638,0.295,0.333,10.96520465
2019,Netherlands,7.488,1.522,0.999,0.557,0.298,0.322,10.98536602
2020,Netherlands,7.448900223,0.93913883,72.30091858,0.908547819,0.364717126,0.20761244,10.98982709
2021,Netherlands,7.464,0.942,72.4,0.913,0.338,0.175,10.932
2015,New Zealand,7.286,1.31967,0.90837,0.63938,0.42922,0.47501,10.53155428
2016,New Zealand,7.334,1.17278,0.83096,0.58147,0.41904,0.49401,10.5955292
2017,New Zealand,7.31400013,1.548195124,0.816759706,0.61406213,0.382816702,0.500005126,10.65219526
2018,New Zealand,7.324,1.601,0.876,0.669,0.389,0.365,10.65903296
2019,New Zealand,7.307,1.557,1.026,0.585,0.38,0.33,10.7241016
2020,New Zealand,7.299600124,0.949118972,73.20262909,0.936217487,0.22113885,0.191598073,10.7030495
2021,New Zealand,7.277,0.948,73.4,0.929,0.242,0.134,10.643
2015,Nicaragua,5.828,1.14184,0.74314,0.55475,0.19317,0.27815,8.574304914
2016,Nicaragua,5.992,0.89521,0.65213,0.46582,0.16292,0.29773,8.647177802
2017,Nicaragua,6.071000099,1.28721571,0.653095961,0.447551847,0.130687982,0.301674217,8.700183539
2018,Nicaragua,6.141,1.319,0.7,0.527,0.128,0.208,8.677140278
2019,Nicaragua,6.105,1.325,0.835,0.435,0.127,0.2,8.645096573
2020,Nicaragua,6.13710022,0.857497036,67.50717926,0.863902867,0.665950119,0.020959141,8.625100341
2021,Nicaragua,5.972,0.864,67.657,0.836,0.664,0.02,8.62
2015,Niger,3.845,0.77265,0.29707,0.47692,0.15639,0.19387,7.0434301
2016,Niger,3.856,0.6053,0.26162,0.38041,0.17176,0.2097,7.05041709
2017,Niger,4.027999878,0.993025005,0.268505007,0.363658696,0.138572946,0.228673846,7.058952605
2018,Niger,4.166,0.867,0.221,0.39,0.099,0.175,7.114138178
2019,Niger,4.628,0.774,0.366,0.318,0.102,0.188,7.151606055
2020,Niger,4.909599781,0.617435038,53.50009537,0.759772122,0.722530186,0.013860817,7.161046649
2021,Niger,5.074,0.641,53.78,0.806,0.693,0.018,7.098
2015,Nigeria,5.268,0.90432,0.16007,0.34334,0.0403,0.27233,8.599018823
2016,Nigeria,4.875,0.64498,0.05108,0.27854,0.0305,0.23219,8.563060828
2017,Nigeria,5.073999882,1.215770483,0.05691573,0.394952565,0.026121566,0.230947196,8.554557592
2018,Nigeria,5.155,1.172,0.048,0.462,0.032,0.201,8.571463246
2019,Nigeria,5.265,1.111,0.245,0.426,0.041,0.215,8.585352541
2020,Nigeria,4.724100113,0.73721689,49.86190796,0.759578407,0.861874342,0.033745807,8.553797327
2021,Nigeria,4.759,0.74,50.102,0.737,0.878,0.037,8.533
2015,Norway,7.522,1.33095,0.88521,0.66973,0.36503,0.34699,11.0082297
2016,Norway,7.498,1.1269,0.79579,0.59609,0.35776,0.37895,10.98427377
2017,Norway,7.537000179,1.53352356,0.796666503,0.635422587,0.315963835,0.362012237,11.06743111
2018,Norway,7.594,1.582,0.861,0.686,0.34,0.286,11.15350861
2019,Norway,7.554,1.582,1.028,0.603,0.341,0.271,11.10944586
2020,Norway,7.487999916,0.952486575,73.20078278,0.955750287,0.263218194,0.13453263,11.04523669
2021,Norway,7.392,0.954,73.3,0.96,0.27,0.093,11.053
2015,Pakistan,5.194,0.41411,0.51466,0.12102,0.10464,0.33671,8.383207861
2016,Pakistan,5.132,0.26135,0.40306,0.14622,0.1388,0.31185,8.391631457
2017,Pakistan,5.269000053,0.67269069,0.402047783,0.235215262,0.124348067,0.315446019,8.427532142
2018,Pakistan,5.472,0.81,0.424,0.334,0.113,0.216,8.487407274
2019,Pakistan,5.653,0.886,0.535,0.313,0.098,0.22,8.49625412
2020,Pakistan,5.69329977,0.689062297,58.25313568,0.734833717,0.745705426,0.04489987,8.479052976
2021,Pakistan,4.934,0.651,58.709,0.726,0.787,0.098,8.458
2015,Palestinian Territories,4.715,0.92558,0.66015,0.24499,0.12905,0.11251,
2016,Palestinian Territories,4.754,0.71629,0.56844,0.17744,0.10613,0.11154,
2017,Palestinian Territories,4.775000095,1.155647159,0.565666974,0.254711062,0.089282602,0.114173174,
2018,Palestinian Territories,4.743,1.217,0.602,0.266,0.076,0.086,
2019,Palestinian Territories,4.696,1.247,0.672,0.225,0.066,0.103,
2020,Palestinian Territories,4.552800179,0.825295925,62.25,0.645791829,0.824199975,-0.162079096,
2021,Palestinian Territories,4.517,0.826,62.25,0.653,0.821,-0.163,8.485
2015,Panama,6.786,1.1985,0.79661,0.5421,0.0927,0.24434,10.13931894
2016,Panama,6.701,0.98912,0.70835,0.48927,0.08423,0.2418,10.23381796
2017,Panama,6.452000141,1.373192549,0.706156135,0.550026834,0.070983924,0.210556939,10.32373781
2018,Panama,6.43,1.438,0.759,0.597,0.063,0.125,10.36672819
2019,Panama,6.321,1.442,0.91,0.516,0.054,0.109,10.39726478
2020,Panama,6.304800034,0.902094483,69.60301208,0.880366504,0.851588905,-0.153927714,10.19550341
2021,Panama,6.18,0.896,69.652,0.872,0.856,-0.166,10.35
2015,Paraguay,5.878,1.30477,0.66098,0.53899,0.08242,0.3424,9.348929731
2016,Paraguay,5.538,1.11111,0.58295,0.46235,0.07396,0.25296,9.39613286
2017,Paraguay,5.493000031,1.50728488,0.579250693,0.473507792,0.091065913,0.224150658,9.440701688
2018,Paraguay,5.681,1.522,0.615,0.541,0.074,0.162,9.483088907
2019,Paraguay,5.743,1.475,0.777,0.514,0.08,0.184,9.484103922
2020,Paraguay,5.692100048,0.898727894,65.63993835,0.885923445,0.834788501,0.007997713,9.478011769
2021,Paraguay,5.653,0.893,65.9,0.876,0.882,0.028,9.448
2015,Peru,5.824,0.97459,0.73017,0.41496,0.05989,0.14982,9.356371387
2016,Peru,5.743,0.81255,0.62994,0.37502,0.05292,0.14527,9.39377609
2017,Peru,5.715000153,1.218770385,0.630166113,0.450002879,0.047049087,0.126819715,9.434006137
2018,Peru,5.663,1.249,0.674,0.53,0.034,0.092,9.479473662
2019,Peru,5.697,1.274,0.854,0.455,0.027,0.083,9.502806526
2020,Peru,5.796800137,0.831075251,68.10023499,0.824766099,0.893714964,-0.16238822,9.382487136
2021,Peru,5.84,0.832,68.25,0.822,0.891,-0.154,9.458
2015,Philippines,5.073,1.03516,0.58114,0.62545,0.12279,0.24991,8.879997015
2016,Philippines,5.279,0.87877,0.47036,0.54854,0.11757,0.21674,8.949464096
2017,Philippines,5.429999828,1.253917575,0.468009055,0.585214674,0.099331893,0.193513423,9.002192422
2018,Philippines,5.524,1.312,0.513,0.643,0.105,0.12,9.073444168
2019,Philippines,5.631,1.293,0.657,0.558,0.107,0.117,9.136879704
2020,Philippines,6.006000042,0.846730053,61.92676163,0.915463448,0.733634114,-0.105463006,9.034777753
2021,Philippines,5.88,0.83,62,0.917,0.742,-0.097,9.076
2015,Poland,5.791,1.27948,0.77903,0.53122,0.04212,0.16759,10.19846988
2016,Poland,5.835,1.04685,0.69058,0.4519,0.055,0.14443,10.25139794
2017,Poland,5.97300005,1.44571197,0.699475348,0.520342112,0.059307806,0.158465967,10.31110047
2018,Poland,6.123,1.448,0.781,0.546,0.064,0.108,10.37202245
2019,Poland,6.182,1.438,0.884,0.483,0.05,0.117,10.42815002
2020,Poland,6.186299801,0.874257445,69.31113434,0.862055779,0.686927021,-0.205084071,10.44115705
2021,Poland,6.166,0.898,69.702,0.841,0.735,-0.165,10.382
2015,Portugal,5.102,1.13935,0.87519,0.51469,0.01078,0.13719,10.29758483
2016,Portugal,5.123,0.94367,0.79363,0.44727,0.01521,0.11691,10.36115776
2017,Portugal,5.195000172,1.367043018,0.795843542,0.4984653,0.015869452,0.095102713,10.40561698
2018,Portugal,5.41,1.429,0.884,0.562,0.017,0.055,10.46105964
2019,Portugal,5.693,1.431,0.999,0.508,0.025,0.047,10.49604262
2020,Portugal,5.910900116,0.886590719,72.40202332,0.888747811,0.892629504,-0.220714301,10.4384872
2021,Portugal,5.929,0.879,72.6,0.892,0.887,-0.244,10.421
2015,Romania,5.124,0.88588,0.7689,0.35068,0.00649,0.13748,9.980718725
2016,Romania,5.528,0.72803,0.67602,0.36712,0.00679,0.12889,10.09705687
2017,Romania,5.824999809,1.15009129,0.685158312,0.457003742,0.004387901,0.133519918,10.20883397
2018,Romania,5.945,1.219,0.726,0.528,0.001,0.088,10.28565695
2019,Romania,6.07,1.232,0.825,0.462,0.005,0.083,10.37040599
2020,Romania,6.123700142,0.825161517,67.20723724,0.842823207,0.934300244,-0.19781521,10.3771246
2021,Romania,6.14,0.832,67.355,0.845,0.938,-0.219,10.284
2015,Russia,5.716,1.23617,0.66926,0.36679,0.03005,0.00199,10.08935798
2016,Russia,5.856,1.05261,0.58991,0.32682,0.03586,0.02736,10.09113185
2017,Russia,5.962999821,1.469282389,0.547349334,0.373783112,0.032962881,0.052263822,10.16301872
2018,Russia,5.81,1.479,0.599,0.399,0.025,0.065,10.26886815
2019,Russia,5.648,1.452,0.726,0.334,0.031,0.082,10.30785635
2020,Russia,5.546000004,0.903150737,64.10045624,0.729892612,0.864802599,-0.151153743,10.30267333
2021,Russia,5.477,0.903,64.703,0.718,0.845,-0.111,10.189
2015,Rwanda,3.465,0.7737,0.42864,0.59201,0.55191,0.22628,7.498066506
2016,Rwanda,3.515,0.61586,0.31865,0.5432,0.50521,0.23552,7.540288165
2017,Rwanda,3.470999956,0.945707023,0.326424807,0.581843853,0.455220014,0.252756029,7.588449574
2018,Rwanda,3.408,0.896,0.4,0.636,0.444,0.2,7.668046816
2019,Rwanda,3.334,0.711,0.614,0.555,0.411,0.217,7.750062962
2020,Rwanda,3.312299967,0.54083544,61.09884644,0.900589406,0.183541179,0.055483952,7.702478447
2021,Rwanda,3.415,0.552,61.4,0.897,0.167,0.061,7.676
2015,Saudi Arabia,6.411,1.08393,0.72025,0.31048,0.32524,0.13706,10.79160783
2016,Saudi Arabia,6.379,0.84829,0.59267,0.37904,0.30008,0.15457,10.72512553
2017,Saudi Arabia,6.343999863,1.286677599,0.59014833,0.449750572,0.273432255,0.147616014,10.76439712
2018,Saudi Arabia,6.371,1.331,0.633,0.509,0.127,0.098,10.79416219
2019,Saudi Arabia,6.375,1.357,0.795,0.439,0.132,0.08,10.79851734
2020,Saudi Arabia,6.406499863,0.874067068,66.30514526,0.854191244,0.682619512,-0.168695062,10.75277609
2021,Saudi Arabia,6.494,0.891,66.603,0.877,0.684,-0.149,10.743
2015,Senegal,3.904,0.97619,0.4354,0.36772,0.10713,0.20843,7.996770603
2016,Senegal,4.219,0.77416,0.40457,0.31056,0.11681,0.19103,8.031364963
2017,Senegal,4.534999847,1.179691911,0.409362853,0.377922267,0.115460448,0.183468893,8.072126084
2018,Senegal,4.631,1.117,0.433,0.406,0.082,0.138,8.128274329
2019,Senegal,4.681,1.134,0.571,0.292,0.072,0.153,8.161551299
2020,Senegal,4.980800152,0.723616004,59.59915161,0.690596163,0.808785141,-0.052335154,8.161323638
2021,Senegal,5.132,0.71,59.802,0.695,0.801,-0.046,8.118
2015,Serbia,5.123,1.00964,0.74836,0.20107,0.02617,0.19231,9.611025209
2016,Serbia,5.177,0.81329,0.6458,0.15718,0.04339,0.20737,9.671435455
2017,Serbia,5.394999981,1.258189797,0.650784671,0.208715528,0.040903781,0.220125884,9.717821835
2018,Serbia,5.398,1.369,0.685,0.288,0.043,0.134,9.781209715
2019,Serbia,5.603,1.383,0.854,0.282,0.039,0.137,9.843871619
2020,Serbia,5.77820015,0.881475747,68.21020508,0.726495862,0.843509018,-0.073676221,9.857820522
2021,Serbia,6.078,0.873,68.6,0.778,0.835,0.002,9.787
2015,Sierra Leone,4.507,0.95571,0,0.4084,0.08786,0.21488,7.369405209
2016,Sierra Leone,4.635,0.628,0,0.30685,0.08196,0.23897,7.375643422
2017,Sierra Leone,4.709000111,0.984136045,0.005564754,0.318697691,0.071095176,0.293040901,7.398621475
2018,Sierra Leone,4.571,0.813,0,0.355,0.053,0.238,7.43504058
2019,Sierra Leone,4.374,0.841,0.242,0.309,0.045,0.252,7.482852828
2020,Sierra Leone,3.926399946,0.636142015,50.86514282,0.715315044,0.861330688,0.088660747,7.454201886
2021,Sierra Leone,3.849,0.63,51.651,0.717,0.866,0.084,7.434
2015,Singapore,6.798,1.02,1.02525,0.54252,0.4921,0.31105,11.3733731
2016,Singapore,6.739,0.86758,0.94719,0.4877,0.46987,0.32706,11.40107
2017,Singapore,6.572000027,1.353814363,0.949492395,0.549840569,0.464307785,0.345965981,11.46531418
2018,Singapore,6.343,1.451,1.008,0.631,0.457,0.261,11.51872022
2019,Singapore,6.262,1.463,1.141,0.556,0.453,0.271,11.53833394
2020,Singapore,6.377099991,0.910268962,76.80458069,0.926645339,0.109784193,0.029879224,11.49801515
2021,Singapore,6.377,0.915,76.953,0.927,0.082,-0.018,11.488
2015,Slovakia,5.995,1.26999,0.78902,0.31751,0.03431,0.16893,10.3077816
2016,Slovakia,6.078,1.08268,0.70367,0.23391,0.02947,0.13837,10.29707378
2017,Slovakia,6.09800005,1.505059242,0.712732911,0.295817465,0.024210852,0.136544481,10.31100227
2018,Slovakia,6.173,1.537,0.776,0.354,0.014,0.118,10.34864098
2019,Slovakia,6.198,1.504,0.881,0.334,0.014,0.121,10.37244547
2020,Slovakia,6.280600071,0.922493756,68.90634155,0.749952674,0.918096125,-0.124409303,10.35317553
2021,Slovakia,6.331,0.936,69.201,0.766,0.911,-0.124,10.369
2015,Slovenia,5.848,1.27385,0.87337,0.60855,0.03787,0.25328,10.3618059
2016,Slovenia,5.768,1.05613,0.79151,0.53164,0.03635,0.25738,10.43223298
2017,Slovenia,5.757999897,1.452518821,0.790828228,0.572575808,0.045128979,0.242649093,10.50527445
2018,Slovenia,5.948,1.506,0.856,0.633,0.051,0.16,10.5703304
2019,Slovenia,6.118,1.523,0.953,0.564,0.057,0.144,10.61326758
2020,Slovenia,6.363399982,0.939575672,71.1029892,0.936142623,0.817071021,-0.080603383,10.59083376
2021,Slovenia,6.461,0.948,71.4,0.949,0.806,-0.101,10.529
2015,South Africa,4.642,1.18468,0.27688,0.33207,0.08884,0.11973,9.525293101
2016,South Africa,4.459,0.96053,0.18611,0.42483,0.08415,0.13656,9.5286822
2017,South Africa,4.828999996,1.384788632,0.18708007,0.479246736,0.072509497,0.13936238,9.536781765
2018,South Africa,4.724,1.41,0.33,0.516,0.056,0.103,9.561637449
2019,South Africa,4.722,1.351,0.469,0.389,0.055,0.13,9.567298476
2020,South Africa,4.814099789,0.852532268,56.50601196,0.759330094,0.843423843,-0.109777324,9.500063411
2021,South Africa,4.956,0.86,56.904,0.749,0.86,-0.067,9.403
2015,South Korea,5.984,0.95774,0.96538,0.33208,0.07857,0.18557,10.54276972
2016,South Korea,5.835,0.72194,0.88645,0.25168,0.07716,0.18824,10.58596436
2017,South Korea,5.837999821,1.128274441,0.900214076,0.257921666,0.063282669,0.206674367,10.62028822
2018,South Korea,5.875,1.204,0.955,0.244,0.051,0.175,10.66956675
2019,South Korea,5.895,1.219,1.036,0.159,0.056,0.175,10.66999498
2020,South Korea,5.872399807,0.799387157,73.6027298,0.612965107,0.789067447,-0.043404032,10.72049833
2021,South Korea,5.845,0.799,73.9,0.672,0.727,-0.083,10.651
2015,Spain,6.329,1.31379,0.95562,0.45951,0.06398,0.18227,10.46033172
2016,Spain,6.361,1.12945,0.87896,0.37545,0.06137,0.17665,10.52637892
2017,Spain,6.402999878,1.532090902,0.8889606,0.40878123,0.070914097,0.190133572,10.58478797
2018,Spain,6.31,1.538,0.965,0.449,0.074,0.142,10.61389461
2019,Spain,6.354,1.484,1.062,0.362,0.079,0.153,10.63816794
2020,Spain,6.400899887,0.921125412,74.40270996,0.751989543,0.765859902,-0.050961714,10.53915925
2021,Spain,6.491,0.932,74.7,0.761,0.745,-0.081,10.571
2015,Sri Lanka,4.271,1.01905,0.70806,0.53726,0.09179,0.40828,9.355088735
2016,Sri Lanka,4.415,0.84783,0.62007,0.50817,0.07964,0.46978,9.411174163
2017,Sri Lanka,4.440000057,1.259976387,0.625130832,0.561213255,0.073653966,0.490863562,9.440189772
2018,Sri Lanka,4.471,1.314,0.672,0.585,0.05,0.307,9.485628053
2019,Sri Lanka,4.366,1.265,0.831,0.47,0.047,0.244,9.519504576
2020,Sri Lanka,4.327000141,0.825374067,67.20006561,0.837633669,0.859001756,0.081129618,9.489835031
2021,Sri Lanka,4.325,0.827,67.299,0.841,0.863,0.079,9.47
2015,Sweden,7.364,1.28907,0.91087,0.6598,0.43844,0.36262,10.80167813
2016,Sweden,7.291,1.08764,0.83121,0.58218,0.40867,0.38254,10.82834653
2017,Sweden,7.28399992,1.478162169,0.830875158,0.612924099,0.384398729,0.385399252,10.85799762
2018,Sweden,7.314,1.501,0.913,0.659,0.383,0.285,10.88784116
2019,Sweden,7.343,1.487,1.009,0.574,0.373,0.267,10.90776682
2020,Sweden,7.353499889,0.926311195,72.60076904,0.939144194,0.250880182,0.111614622,10.91577412
2021,Sweden,7.363,0.934,72.7,0.945,0.237,0.086,10.867
2015,Switzerland,7.587,1.34951,0.94143,0.66557,0.41978,0.29678,11.0977161
2016,Switzerland,7.509,1.14524,0.86303,0.58557,0.41203,0.28083,11.12880819
2017,Switzerland,7.493999958,1.516911745,0.858131289,0.620070577,0.367007285,0.290549278,11.14336168
2018,Switzerland,7.487,1.549,0.927,0.66,0.357,0.256,11.17969088
2019,Switzerland,7.48,1.526,1.052,0.572,0.343,0.263,11.18489253
2020,Switzerland,7.559899807,0.942846596,74.10244751,0.921336651,0.303728431,0.105911039,11.18083883
2021,Switzerland,7.571,0.942,74.4,0.919,0.292,0.025,11.117
2015,Taiwan,6.298,1.07617,0.8753,0.3974,0.08129,0.25376,
2016,Taiwan,6.379,0.92624,0.79565,0.32377,0.0663,0.25495,
2017,Taiwan,6.421999931,1.384565353,0.793984234,0.361466587,0.063829236,0.258360475,
2018,Taiwan,6.441,1.436,0.857,0.418,0.078,0.151,
2019,Taiwan,6.446,1.43,0.914,0.351,0.097,0.242,
2020,Taiwan,6.45539999,0.894309103,69.59999847,0.77153033,0.73188293,-0.073198698,
2021,Taiwan,6.584,0.898,69.6,0.784,0.721,-0.07,10.871
2015,Tajikistan,4.786,0.85563,0.57379,0.47216,0.15072,0.22974,8.055293314
2016,Tajikistan,4.996,0.75602,0.53119,0.43408,0.13509,0.25998,8.043950902
2017,Tajikistan,5.040999889,1.271463275,0.529235125,0.471566707,0.146377146,0.248997644,8.087312224
2018,Tajikistan,5.199,1.166,0.598,0.292,0.034,0.187,8.159753264
2019,Tajikistan,5.467,1.098,0.718,0.389,0.144,0.23,8.224932404
2020,Tajikistan,5.555699825,0.835297108,64.10459137,0.831383407,0.592076063,-0.025088511,8.257955356
2021,Tajikistan,5.466,0.86,64.281,0.832,0.553,-0.056,8.091
2015,Tanzania,3.781,1.00268,0.38215,0.32878,0.05747,0.34377,7.761508046
2016,Tanzania,3.666,0.77623,0.357,0.3176,0.05099,0.31472,7.815745295
2017,Tanzania,3.348999977,1.041989803,0.364509284,0.390017778,0.066035107,0.354256362,7.836213019
2018,Tanzania,3.303,0.991,0.381,0.481,0.097,0.27,7.883216919
2019,Tanzania,3.231,0.885,0.499,0.417,0.147,0.276,7.927741162
2020,Tanzania,3.476200104,0.688933194,57.49607468,0.82153976,0.619799435,0.109668687,7.930173936
2021,Tanzania,3.623,0.702,57.999,0.833,0.577,0.183,7.876
2015,Thailand,6.455,1.26504,0.7385,0.55664,0.03187,0.5763,9.669180103
2016,Thailand,6.474,1.04477,0.64915,0.49553,0.02833,0.58696,9.718133101
2017,Thailand,6.423999786,1.425792456,0.647239029,0.580200732,0.031612735,0.57212311,9.765543717
2018,Thailand,6.072,1.417,0.707,0.637,0.029,0.364,9.827157749
2019,Thailand,6.008,1.409,0.828,0.557,0.028,0.359,9.864427854
2020,Thailand,5.998799801,0.889973223,67.25059509,0.905063033,0.886272311,0.268685192,9.810977194
2021,Thailand,5.985,0.888,67.401,0.884,0.895,0.287,9.805
2015,Togo,2.839,0.13995,0.28443,0.36453,0.10731,0.16681,7.242320271
2016,Togo,3.303,0,0.24811,0.34678,0.11587,0.17517,7.57773801
2017,Togo,3.494999886,0.43188253,0.247105569,0.380426139,0.095665015,0.196896151,7.607004153
2018,Togo,3.999,0.474,0.253,0.434,0.101,0.158,7.654834818
2019,Togo,4.085,0.572,0.41,0.293,0.085,0.177,7.701487311
2020,Togo,4.187200069,0.551312625,54.71989822,0.649828613,0.757733464,0.002667875,7.706837047
2021,Togo,4.107,0.569,54.914,0.619,0.772,0.032,7.362
2015,Tunisia,4.739,0.60429,0.73793,0.26268,0.06358,0.06431,9.289621631
2016,Tunisia,5.045,0.43165,0.59577,0.23553,0.0817,0.03936,9.305070882
2017,Tunisia,4.804999828,0.86835146,0.613212049,0.28968069,0.086723149,0.049693357,9.326743765
2018,Tunisia,4.592,0.906,0.69,0.271,0.063,0.04,9.363810262
2019,Tunisia,4.461,1,0.815,0.167,0.055,0.059,9.384290014
2020,Tunisia,4.392199993,0.688718557,66.89785767,0.593361557,0.867590249,-0.216413811,9.289414657
2021,Tunisia,4.596,0.691,67.201,0.656,0.87,-0.201,9.266
2015,Turkey,5.332,0.94632,0.73172,0.22815,0.15746,0.12253,10.15632157
2016,Turkey,5.389,0.87717,0.64718,0.23889,0.12348,0.04707,10.18535338
2017,Turkey,5.5,1.337753177,0.637605608,0.3007406,0.09967158,0.046693042,10.23687714
2018,Turkey,5.483,1.38,0.686,0.324,0.109,0.106,10.23856526
2019,Turkey,5.373,1.36,0.808,0.195,0.106,0.083,10.19867155
2020,Turkey,5.131800175,0.826313555,66.90281677,0.608830452,0.748197377,-0.171046436,10.21227383
2021,Turkey,4.948,0.822,67.199,0.576,0.776,-0.139,10.24
2015,Turkmenistan,5.548,1.22668,0.53886,0.4761,0.30844,0.16979,9.524465776
2016,Turkmenistan,5.658,1.03817,0.44006,0.37408,0.28467,0.22567,9.536926442
2017,Turkmenistan,5.822000027,1.493149161,0.43772608,0.418271929,0.25927034,0.249924988,9.561351161
2018,Turkmenistan,5.636,1.533,0.517,0.417,0.037,0.199,9.629167711
2019,Turkmenistan,5.247,1.538,0.657,0.394,0.028,0.244,9.6924911
2020,Turkmenistan,5.119100094,0.958966196,62.21170807,0.826457024,0.883691847,0.187671542,
2021,Turkmenistan,5.066,0.983,62.409,0.877,0.888,0.273,9.629
2015,Uganda,3.931,1.13299,0.33861,0.45727,0.07267,0.29066,7.663287862
2016,Uganda,3.739,0.90981,0.19625,0.43653,0.06442,0.27102,7.646103125
2017,Uganda,4.080999851,1.129827738,0.217632607,0.443185955,0.057069719,0.325766057,7.637548918
2018,Uganda,4.161,1.09,0.237,0.45,0.061,0.259,7.685155398
2019,Uganda,4.189,1.069,0.443,0.356,0.06,0.252,7.729829593
2020,Uganda,4.43200016,0.764994621,55.70820236,0.731713951,0.836737812,0.099487431,7.738198367
2021,Uganda,4.636,0.781,56.101,0.709,0.855,0.122,7.677
2015,Ukraine,4.681,1.20278,0.6739,0.25123,0.02961,0.15275,9.226639549
2016,Ukraine,4.324,1.01413,0.58628,0.12859,0.01829,0.20363,9.319033019
2017,Ukraine,4.096000195,1.394537568,0.575903952,0.122974776,0.023029471,0.270061463,9.380973967
2018,Ukraine,4.103,1.413,0.609,0.163,0.011,0.187,9.444078329
2019,Ukraine,4.332,1.39,0.739,0.178,0.01,0.187,9.49900765
2020,Ukraine,4.56069994,0.878879368,64.60678101,0.663081884,0.920636714,-0.030933706,9.476908173
2021,Ukraine,4.875,0.888,64.902,0.724,0.924,-0.011,9.436
2015,United Arab Emirates,6.901,1.12575,0.80925,0.64157,0.38583,0.26428,11.08063187
2016,United Arab Emirates,6.573,0.87114,0.72993,0.56215,0.35561,0.26591,11.06615212
2017,United Arab Emirates,6.647999763,1.266410232,0.726798236,0.60834527,0.324489564,0.360941947,11.11518453
2018,United Arab Emirates,6.774,0.776,0.67,0.284,,0.186,11.13569958
2019,United Arab Emirates,6.825,1.31,0.825,0.598,0.182,0.262,11.17255322
2020,United Arab Emirates,6.790800095,0.849181116,67.08278656,0.941345513,0.594502211,0.123450845,11.10903162
2021,United Arab Emirates,6.561,0.844,67.333,0.932,0.589,0.074,11.085
2015,United Kingdom,6.867,1.28548,0.90943,0.59625,0.32067,0.51912,10.66692718
2016,United Kingdom,6.725,1.08672,0.80991,0.50036,0.27399,0.50156,10.70628029
2017,United Kingdom,6.714000225,1.49646008,0.805335939,0.508190036,0.265428066,0.492774159,10.74445944
2018,United Kingdom,7.19,1.433,0.888,0.464,0.082,0.262,10.77003091
2019,United Kingdom,7.054,1.538,0.996,0.45,0.278,0.348,10.80042141
2020,United Kingdom,7.164500237,0.93668282,72.30160522,0.834743679,0.435915917,0.263732493,10.74683897
2021,United Kingdom,7.064,0.934,72.5,0.859,0.459,0.233,10.707
2015,United States,7.119,1.24711,0.86179,0.54604,0.1589,0.40105,10.94840668
2016,United States,7.104,1.04782,0.779,0.48163,0.14868,0.41077,10.9685672
2017,United States,6.993000031,1.419920564,0.774286628,0.505740523,0.135638788,0.392578781,11.00392577
2018,United States,6.886,1.471,0.819,0.547,0.133,0.291,11.051912
2019,United States,6.892,1.457,0.874,0.454,0.128,0.28,11.08643377
2020,United States,6.939599991,0.914219022,68.29949951,0.842619538,0.699715316,0.149891734,11.06026566
2021,United States,6.951,0.92,68.2,0.837,0.698,0.098,11.023
2015,Uruguay,6.485,1.2089,0.8116,0.60362,0.24558,0.2324,9.914306834
2016,Uruguay,6.545,1.03143,0.72183,0.54388,0.21394,0.18056,10.01924163
2017,Uruguay,6.453999996,1.412227869,0.719216824,0.579392254,0.178061873,0.175096929,10.04367872
2018,Uruguay,6.379,1.459,0.771,0.625,0.155,0.13,10.06849981
2019,Uruguay,6.293,1.465,0.891,0.523,0.15,0.127,10.08609186
2020,Uruguay,6.440100193,0.92281127,69.00254822,0.892395437,0.635994136,-0.101103112,10.03423893
2021,Uruguay,6.431,0.925,69.1,0.896,0.59,-0.092,9.966
2015,Uzbekistan,6.003,1.34043,0.59772,0.65821,0.30826,0.22837,8.806900916
2016,Uzbekistan,5.987,1.1681,0.50163,0.60848,0.28333,0.34326,8.824222625
2017,Uzbekistan,5.971000195,1.54896915,0.498272628,0.658248663,0.246528223,0.415983647,8.830646786
2018,Uzbekistan,6.096,1.584,0.605,0.724,0.259,0.328,8.889168414
2019,Uzbekistan,6.174,1.529,0.756,0.631,0.24,0.322,8.943623592
2020,Uzbekistan,6.257599831,0.926595807,65.10757446,0.974998116,0.501497388,0.248427153,8.953384639
2021,Uzbekistan,6.179,0.918,65.255,0.97,0.515,0.311,8.836
2015,Venezuela,6.81,1.25596,0.72052,0.42908,0.11069,0.05841,
2016,Venezuela,6.084,1.03302,0.61904,0.19847,0.08304,0.0425,
2017,Venezuela,5.25,1.431337595,0.617144227,0.153997123,0.064491123,0.06501963,
2018,Venezuela,4.806,1.469,0.657,0.133,0.052,0.056,
2019,Venezuela,4.707,1.427,0.805,0.154,0.047,0.064,
2020,Venezuela,5.053199768,0.890408158,66.50534058,0.62327832,0.837038398,-0.169090509,
2021,Venezuela,4.892,0.861,66.7,0.615,0.827,-0.169,9.073
2015,Vietnam,5.36,0.91226,0.74676,0.59444,0.10441,0.1686,8.71647623
2016,Vietnam,5.061,0.79117,0.66157,0.55954,0.11556,0.25075,8.790722013
2017,Vietnam,5.073999882,1.277491331,0.652168989,0.571055591,0.087633237,0.234968051,8.875628631
2018,Vietnam,5.103,1.365,0.702,0.618,0.079,0.177,8.957778337
2019,Vietnam,5.175,1.346,0.851,0.543,0.073,0.147,9.033751073
2020,Vietnam,5.353499889,0.849987149,67.9527359,0.939592957,0.79642123,-0.094533332,9.06533003
2021,Vietnam,5.411,0.85,68.034,0.94,0.796,-0.098,8.973
2015,Yemen,4.077,0.68093,0.40064,0.35571,0.07854,0.09131,
2016,Yemen,3.724,0.47493,0.31048,0.2287,0.05892,0.09821,
2017,Yemen,3.592999935,0.935382247,0.310080916,0.249463722,0.056767423,0.104125209,
2018,Yemen,3.355,1.073,0.343,0.244,0.064,0.083,
2019,Yemen,3.38,1.163,0.463,0.143,0.077,0.108,
2020,Yemen,3.527400017,0.817980587,56.72728348,0.599920273,0.800287724,-0.157735437,
2021,Yemen,3.658,0.832,57.122,0.602,0.8,-0.147,7.578
2015,Zambia,5.129,0.91612,0.29924,0.48827,0.12468,0.19591,8.140432235
2016,Zambia,4.795,0.6376,0.23573,0.42662,0.11479,0.17866,8.13290447
2017,Zambia,4.513999939,1.003187299,0.257835895,0.461603492,0.07821355,0.249580145,8.156229573
2018,Zambia,4.377,1.047,0.295,0.503,0.082,0.221,8.190381478
2019,Zambia,4.107,1.058,0.426,0.431,0.087,0.247,8.193455529
2020,Zambia,3.759399891,0.698824465,55.29937744,0.806500256,0.801289678,0.078037128,8.148332907
2021,Zambia,4.073,0.708,55.809,0.782,0.823,0.061,8.145
2015,Zimbabwe,4.61,1.03276,0.33475,0.25861,0.08079,0.18987,7.893388331
2016,Zimbabwe,4.193,0.71478,0.1595,0.25429,0.08582,0.18503,7.9396824
2017,Zimbabwe,3.875,1.083095908,0.196763754,0.336384207,0.095375381,0.189143494,8.241608959
2018,Zimbabwe,3.692,1.094,0.248,0.406,0.099,0.132,8.298345827
2019,Zimbabwe,3.663,1.114,0.433,0.361,0.089,0.151,8.238417446
2020,Zimbabwe,3.299200058,0.763092756,55.61725998,0.711457908,0.81023699,-0.072063953,8.171133532
2021,Zimbabwe,3.145,0.75,56.201,0.677,0.821,-0.047,7.943
